title,source,lang,url,date,summary,category,credibility
Les articles populaires,Le360 Sport,ar,https://sport.le360.ma/coupe-du-monde/mondial-2026-le-camp-de-base-des-lions-de-latlas-devoile_TDWFA55DJ5H2FPE5KA6IG73Q6E/,2026-05-06,,,0
Actuellement,Le360 Sport,ar,https://sport.le360.ma/,2026-05-06,,,0
Coupe du monde 2026,Le360 Sport,ar,https://sport.le360.ma/coupe-du-monde,2026-05-06,,,0
Athlétisme,Le360 Sport,ar,https://sport.le360.ma/athletisme,2026-05-06,,,0
Autres sports,Le360 Sport,ar,https://sport.le360.ma/autres-sports,2026-05-06,,,0
Quand les supporters de Málaga CF adoptent le chant emblématique «Vida loca» du Raja de Casablanca,Le360 Sport,ar,https://sport.le360.ma/football/quand-les-supporters-de-malaga-cf-adoptent-le-chant-emblematique-vida-loca-du-raja-de-casablanca_UYA5W4IRWFA3NCYQX67NWNGVAU/,2026-05-06,,,0
Mondial 2026: le camp de base des Lions de l’Atlas dévoilé,Le360 Sport,ar,https://sport.le360.ma/coupe-du-monde/mondial-2026-le-camp-de-base-des-lions-de-latlas-devoile_TDWFA55DJ5H2FPE5KA6IG73Q6E/,2026-05-06,,,0
Ligue des Champions de la CAF,Le360 Sport,ar,https://sport.le360.ma/football/ligue-des-champions-caf/,2026-05-06,,,0
"Ndala arbitre de la finale Mamelodi Sundowns-AS FAR: «Une honte pour le football africain», selon un membre du Comex de la CAF",Le360 Sport,ar,https://sport.le360.ma/football/ligue-des-champions-caf/ndala-arbitre-de-la-finale-mamelodi-sundowns-as-far-une-honte-pour-le-football-africain-selon-un_EFGLA6RKSBGDHLC3REXHVAKLKM/,2026-05-06,,,0
Ligue des Champions de l'UEFA,Le360 Sport,ar,https://sport.le360.ma/football/ligue-des-champions-uefa/,2026-05-06,,,0
"Ligue des champions: Arsenal de retour en finale, 20 ans après",Le360 Sport,ar,https://sport.le360.ma/football/ligue-des-champions-uefa/ligue-des-champions-arsenal-bat-latletico-et-jouera-la-deuxieme-finale-de-son-histoire_ZLRAH2BQTBEZVHZ72EEG4VA7RU/,2026-05-06,,,0
"«Tu es nul, vraiment nul. Tu retournes en deuxième division, mon pote»: Vinicius Jr dérape face à Omar El Hilali",Le360 Sport,ar,https://sport.le360.ma/football/liga/tu-es-nul-vraiment-nul-tu-retournes-en-deuxieme-division-mon-pote-vinicius-jr-derape-face-a-omar-el_QOHMM7S75RGY3OXIYJJFZLF6V4/,2026-05-06,,,0
Mondial 2030: du soft power au smart power,Le360 Sport,ar,https://sport.le360.ma/coupe-du-monde/mondial-2030-du-soft-power-au-smart-power_44T2B7FAYRECHE7C5E2AAK7WLU/,2026-05-06,,,0
Casablanca donne le départ de la 15e édition du Maroc Historic Rally,Le360 Sport,ar,https://sport.le360.ma/auto-moto/casablanca-donne-le-depart-de-la-15e-edition-du-maroc-historic-rally_ASGAVJXNIZBBRFEMYM2W5MVJ5Q/,2026-05-06,,,0
Hadra Fel Koora S2 EP 15. Fin de l’ère Hicham Ait Menna au WAC,Le360 Sport,ar,https://sport.le360.ma/football/botola/hadra-fel-koora-s2-ep-15-fin-de-lere-hicham-ait-menna-au-wac_Z6VLZOFFZNAINF4YIS6YR2JJLA/,2026-05-06,,,0
Casablanca: le kendo célébré lors des 70 ans des relations Maroc–Japon,Le360 Sport,ar,https://sport.le360.ma/combats/autres/casablanca-le-kendo-celebre-lors-des-70-ans-des-relations-marocjapon_UR2LPKIHL5BD7C4FOPKHXDJ5QU/,2026-05-06,,,0
Le Congrès de la FIFA à Vancouver valide le choix du conseil pour Rabat,Le360 Sport,ar,https://sport.le360.ma/football/le-congres-de-la-fifa-a-vancouver-valide-le-choix-du-conseil-pour-rabat_5JW3U7GX2BFATOH6HDAYQ6PUIQ/,2026-05-06,,,0
AS FAR–Raja: victoire des Militaires (2-1) dans un Classico entaché par le hooliganisme,Le360 Sport,ar,https://sport.le360.ma/football/botola/as-farraja-victoire-des-militaires-2-1-dans-un-classico-entache-par-le-hooliganisme_MBD3NJ5YTBGK5DXVNMB6NVS2UE/,2026-05-06,,,0
Hooliganisme au Complexe Moulay Abdellah: violents affrontements entre supporters du Raja et de l’AS FAR,Le360 Sport,ar,https://sport.le360.ma/football/botola/hooliganisme-au-complexe-moulay-abdellah-violents-affrontements-entre-supporters-du-raja-et-de-las_VESNFMN2TFG35MT54ARTTGDGIA/,2026-05-06,,,0
Toutes les vidéos,Le360 Sport,ar,https://sport.le360.ma/videos/,2026-05-06,,,0
أهم المسابقات,Kooora,ar,https://www.kooora.com/%D9%83%D8%B1%D8%A9-%D8%A7%D9%84%D9%82%D8%AF%D9%85/%D9%85%D8%B3%D8%A7%D8%A8%D9%82%D8%A9/%D8%AF%D9%88%D8%B1%D9%8A-%D8%A7%D9%94%D8%A8%D8%B7%D8%A7%D9%84-%D8%A7%D9%94%D9%88%D8%B1%D9%88%D8%A8%D8%A7/4oogyu6o156iphvdvphwpck10,2026-05-06,,,0
آخر الأخبار,Kooora,ar,https://www.kooora.com/%D9%83%D8%B1%D8%A9-%D9%82%D8%AF%D9%85/%D8%A3%D8%AE%D8%A8%D8%A7%D8%B1/%D9%81%D9%8A-%D8%A8%D9%8A%D8%A7%D9%86-%D8%B1%D8%B3%D9%85%D9%8A--%D9%83%D8%A7%D8%B1%D9%8A%D8%B1%D8%A7%D8%B3-%D9%8A%D8%B1%D8%AF-%D8%B9%D9%84%D9%89-%D8%B5%D9%81%D8%B9%D8%A9-%D8%B1%D9%88%D8%AF%D9%8A%D8%AC%D8%B1/bltda8a473b6a5cf3c7,2026-05-06,,,0
الأكثر رواجًا,Kooora,ar,https://www.kooora.com/%D9%83%D8%B1%D8%A9-%D9%82%D8%AF%D9%85/%D8%A3%D8%AE%D8%A8%D8%A7%D8%B1/%D8%A7%D9%84%D8%A7%D8%AA%D9%81%D8%A7%D9%82-%D9%85%D8%AD%D8%B3%D9%88%D9%85--%D8%B1%D9%8A%D8%A7%D9%84-%D9%85%D8%AF%D8%B1%D9%8A%D8%AF-%D9%8A%D9%86%D8%AC%D8%B2-%D8%A7%D9%94%D9%88%D9%84%D9%89-%D8%B5%D9%81%D9%82%D8%A7%D8%AA-%D8%A7%D9%84%D8%B5%D9%8A%D9%81/blt783cd8d17fac8026,2026-05-06,,,0
YallaGoal - يلاجول,Kooora,ar,https://youtu.be/oPUB99KIwK0,2026-05-06,,,0
أخبار دوري أبطال أوروبا,Kooora,ar,https://www.kooora.com/%D9%83%D8%B1%D8%A9-%D9%82%D8%AF%D9%85/%D8%A3%D8%AE%D8%A8%D8%A7%D8%B1/%D8%B1%D8%A7%D9%8A%D8%B3-%D9%81%D9%8A-%D9%87%D8%B0%D9%87-%D8%A7%D9%84%D9%84%D8%AD%D8%B8%D8%A9-%D8%AA%D8%A7%D9%94%D9%83%D8%AF%D8%AA-%D9%85%D9%86-%D9%81%D9%88%D8%B2%D9%86%D8%A7-%D8%A7%D9%94%D9%85%D8%A7%D9%85-%D8%A7%D9%94%D8%AA%D9%84%D8%AA%D9%8A%D9%83%D9%88-%D9%85%D8%AF%D8%B1%D9%8A%D8%AF/blt4c8e32a55cbbc931,2026-05-06,,,0
أخبار السعودية,Kooora,ar,https://www.kooora.com/%D9%83%D8%B1%D8%A9-%D9%82%D8%AF%D9%85/%D8%A3%D8%AE%D8%A8%D8%A7%D8%B1/%D9%81%D9%8A%D8%AF%D9%8A%D9%88--%D8%B1%D9%8A%D9%94%D9%8A%D8%B3-%D8%A7%D9%84%D9%87%D9%84%D8%A7%D9%84-%D9%86%D8%AF%D9%81%D8%B9-%D8%A7%D9%84%D9%85%D9%84%D8%A7%D9%8A%D9%8A%D9%86-%D9%84%D8%AD%D9%83%D8%A7%D9%85-%D9%81%D9%8A%D9%94%D8%A7%D8%AA-%D8%B3%D9%86%D9%8A%D8%A9--%D9%88%D8%A7%D9%84%D8%A7%D9%93%D9%86-%D9%88%D9%82%D8%AA-%D8%A7%D9%84%D8%AF%D8%B9%D9%85-%D9%84%D8%A7-%D8%A7%D9%84%D8%B9%D8%AA%D8%A8/bltdcb83abe62fa96c1,2026-05-06,,,0
أخبار الدوري الإنجليزي,Kooora,ar,https://www.kooora.com/%D9%83%D8%B1%D8%A9-%D9%82%D8%AF%D9%85/%D8%A3%D8%AE%D8%A8%D8%A7%D8%B1/%D8%A8%D8%B9%D8%AF%D9%85%D8%A7-%D8%A7%D9%94%D9%81%D8%B3%D8%AF-%D8%A7%D9%84%D9%87%D9%84%D8%A7%D9%84-%D8%A7%D8%AD%D8%AA%D9%81%D8%A7%D9%84%D9%8A%D8%A9-%D9%86%D8%AC%D9%85-%D8%A7%D9%84%D8%AE%D9%84%D9%8A%D8%AC--%D8%A7%D9%84%D8%B9%D9%85%D8%B1%D9%8A-%D9%87%D9%84-%D8%B1%D8%A7%D9%94%D9%8A%D8%AA%D9%85-%D8%A7%D9%84%D8%B3%D9%8A%D8%AA%D9%8A/blt5c3bc51cb4b62759,2026-05-06,,,0
أخبار الدوري الإسباني,Kooora,ar,https://www.kooora.com/%D9%83%D8%B1%D8%A9-%D9%82%D8%AF%D9%85/%D8%A3%D8%AE%D8%A8%D8%A7%D8%B1/%D9%81%D9%8A-%D8%A8%D9%8A%D8%A7%D9%86-%D8%B1%D8%B3%D9%85%D9%8A--%D9%83%D8%A7%D8%B1%D9%8A%D8%B1%D8%A7%D8%B3-%D9%8A%D8%B1%D8%AF-%D8%B9%D9%84%D9%89-%D8%B5%D9%81%D8%B9%D8%A9-%D8%B1%D9%88%D8%AF%D9%8A%D8%AC%D8%B1/bltda8a473b6a5cf3c7,2026-05-06,,,0
أخبار المغرب,Kooora,ar,https://www.kooora.com/%D9%83%D8%B1%D8%A9-%D9%82%D8%AF%D9%85/%D8%A3%D8%AE%D8%A8%D8%A7%D8%B1/%D8%AC%D8%AF%D9%88%D9%84-%D9%85%D8%A8%D8%A7%D8%B1%D9%8A%D8%A7%D8%AA-%D8%A7%D9%84%D9%8A%D9%88%D9%85-%D8%A7%D9%84%D8%A7%D9%94%D8%B1%D8%A8%D8%B9%D8%A7%D8%A1-6-%D9%85%D8%A7%D9%8A%D9%88-2026--%D8%A7%D9%84%D9%82%D9%86%D9%88%D8%A7%D8%AA-%D8%A7%D9%84%D9%86%D8%A7%D9%82%D9%84%D8%A9-%D9%88%D8%A7%D9%84%D9%85%D8%B9%D9%84%D9%82%D9%8A%D9%86/bltdbe688f54cde5c2d,2026-05-06,,,0
تقارير ومقالات,Kooora,ar,https://www.kooora.com/%D9%83%D8%B1%D8%A9-%D9%82%D8%AF%D9%85/%D8%A7%D9%84%D9%82%D9%88%D8%A7%D8%A6%D9%85/%D9%85%D9%86-%D9%8A%D8%AA%D9%88%D8%AC-%D8%A8%D8%A7%D9%84%D8%AF%D9%88%D8%B1%D9%8A-%D8%A7%D9%84%D9%85%D8%B5%D8%B1%D9%8A--3-%D8%B3%D9%8A%D9%86%D8%A7%D8%B1%D9%8A%D9%88%D9%87%D8%A7%D8%AA-%D9%84%D9%84%D8%B2%D9%85%D8%A7%D9%84%D9%83-%D9%88%D9%81%D8%B1%D8%B5%D8%A9-%D9%88%D8%AD%D9%8A%D8%AF%D8%A9-%D9%84%D8%A8%D9%8A%D8%B1%D8%A7%D9%85%D9%8A%D8%AF%D8%B2-%D9%88%D8%A7%D9%84%D8%A7%D9%94%D9%87%D9%84%D9%8A-%D9%8A%D9%86%D8%AA%D8%B8%D8%B1-%D8%B4%D8%A8%D9%87-%D9%85%D8%B9%D8%AC%D8%B2%D8%A9/blt990d6ceb658d523d,2026-05-06,,,0
Soutien à Christophe GleizesDétenu en Algérie pour y avoir exercé son métier,L'Équipe,fr,https://www.lequipe.fr/Medias/Actualites/L-edito-de-l-equipe-christophe-gleizes-a-plus-que-jamais-besoin-de-soutien-et-d-un-geste-d-humanite/1617521,2026-05-06,,,0
ConsultationFaites votre liste des 26 Bleus pour le Mondial,L'Équipe,fr,https://www.lequipe.fr/special/selection/cdm-2026,2026-05-06,,,0
Quiz sportÊtes-vous incollable en culture sport ?,L'Équipe,fr,https://www.lequipe.fr/jeux/dix-sur-dix,2026-05-06,,,0
"Foot,Ligue des championsRaconte-moi Munich 2025",L'Équipe,fr,https://www.lequipe.fr/Football/Article/Anciens-joueurs-ou-dirigeants-commentateurs-supporters-presents-a-munich-pour-la-finale-de-la-ligue-des-champions-2025-ils-racontent-comment-ils-ont-vecu-le-sacre-du-psg/1673321,2026-05-06,,,0
"Foot,Copa Sud-AmericanaNeymar le but de la réconciliation ?—Neymar et l'affaire de la gifle, la fin de ses espoirs de Mondial ?",L'Équipe,fr,https://www.lequipe.fr/Football/Actualites/Quelques-jours-apres-l-altercation-avec-robinho-junior-neymar-buteur-avec-santos/1673498,2026-05-06,,,0
"—Neymar et l'affaire de la gifle, la fin de ses espoirs de Mondial ?",L'Équipe,fr,https://www.lequipe.fr/Football/Article/Neymar-une-gifle-au-fils-de-robinho-et-des-chances-de-coupe-du-monde-compromises-s-il-est-selectionne-ce-sera-bien-plus-grace-a-son-passe-qu-a-son-present/1673402,2026-05-06,,,0
"Basket,NBAOKC domine les Lakers et reste invaincu en play-offs—Les 24 points d'Holmgren en vidéo",L'Équipe,fr,https://www.lequipe.fr/Basket/Actualites/Oklahoma-city-domine-les-lakers-et-reste-invaincu-en-play-offs-nba/1673499,2026-05-06,,,0
—Les 24 points d'Holmgren en vidéo,L'Équipe,fr,https://www.lequipe.fr/Basket/Actualites/Le-joueur-de-la-nuit-en-nba-les-24-points-et-12-rebonds-de-chet-holmgren-face-aux-lakers-en-video/1673503,2026-05-06,,,0
"Foot,Ligue des championsArsenal, vingt ans plus tardArsenal(Q)Atlético de Madrid10—Les notes d'Arsenal-Atlético—Le but de Saka en vidéo",L'Équipe,fr,https://www.lequipe.fr/Football/Actualites/Vingt-ans-apres-arsenal-se-qualifie-pour-sa-deuxieme-finale-de-ligue-des-champions-apres-sa-victoire-face-a-l-atletico-de-madrid/1673461,2026-05-06,,,0
—Les notes d'Arsenal-Atlético,L'Équipe,fr,https://www.lequipe.fr/Football/Article/Les-notes-d-arsenal-atletico-de-madrid-saka-et-rice-les-deux-facteurs-x-d-arsenal/1673475,2026-05-06,,,0
—Le but de Saka en vidéo,L'Équipe,fr,https://www.lequipe.fr/Football/Actualites/L-ouverture-du-score-de-bukayo-saka-contre-l-atletico-de-madrid-en-demi-finales-retour-de-ligue-des-champions-en-video/1673450,2026-05-06,,,0
"Foot,Ligue des championsPour Henry, cet Arsenal est au-dessus des Invincibles de 2004",L'Équipe,fr,https://www.lequipe.fr/Football/Actualites/Pour-thierry-henry-arsenal-realise-cette-saison-en-ligue-des-champions-une-performance-d-un-tout-autre-niveau-que-celle-des-invincibles/1673490,2026-05-06,,,0
"Foot,Ligue des champions,AtléticoL'hommage des supporters à Griezmann—Les notes d'Arsenal - Atlético de Madrid",L'Équipe,fr,https://www.lequipe.fr/Football/Actualites/Les-supporters-de-l-atletico-de-madrid-rendent-hommage-a-antoine-griezmann-apres-son-dernier-match-en-coupe-d-europe/1673473,2026-05-06,,,0
—Les notes d'Arsenal - Atlético de Madrid,L'Équipe,fr,https://www.lequipe.fr/Football/Article/Les-notes-d-arsenal-atletico-de-madrid-saka-et-rice-les-deux-facteurs-x-d-arsenal/1673475,2026-05-06,,,0
"Basket,NBADetroit ne manque pas son entrée face à ClevelandDetroit PistonsCleveland Cavaliers111101",L'Équipe,fr,https://www.lequipe.fr/Basket/Actualites/Cette-fois-les-detroit-pistons-n-ont-pas-manque-leur-entree-en-lice-face-aux-cleveland-cavaliers/1673497,2026-05-06,,,0
"Basket,NBA«Au moins quatre d'entre eux étaient illicites» : les Wolves dénoncent les contres de WembySan Antonio SpursMinnesota Timberwolves102104",L'Équipe,fr,https://www.lequipe.fr/Basket/Actualites/-au-moins-quatre-d-entre-eux-etaient-illegaux-les-wolves-denoncent-les-contres-de-victor-wembanyama/1673494,2026-05-06,,,0
"Foot,RencontreOn a retrouvé Abou Diaby, le crack maudit du foot français12 minutesma listeFoot,RencontreDiscret depuis sa retraite en 2019, l'ancien milieu d'Arsenal a accueilli le Mag sur ses terres d'enfance à Aubervilliers, à la veille de ses 40 ans.",L'Équipe,fr,https://www.lequipe.fr/Football/Article/Grand-recit--beaucoup-auraient-aime-etre-a-ma-place-on-a-retrouve-abou-diaby-le-crack-maudit-du-foot-francais/1673284,2026-05-06,,,0
"Foot,LigaLe Real est-il vraiment meilleur sans Mbappé ?",L'Équipe,fr,https://www.lequipe.fr/Football/Article/Le-real-madrid-est-il-vraiment-meilleur-sans-kylian-mbappe/1673440,2026-05-06,,,0
"Respire,Va savoir,BayernLe secret derrière les sparadraps aux oreilles des joueursBayern MunichParis-SG21h00",L'Équipe,fr,https://www.lequipe.fr/Respire/Va-savoir/Actualites/Que-cachent-ces-bouts-de-sparadrap-aux-oreilles-des-joueurs-du-bayern-munich/1673158,2026-05-06,,,0
"Tennis,InterclubsDe Madrid à un double avec un 15/3, la drôle de semaine d'Olivetti",L'Équipe,fr,https://www.lequipe.fr/Tennis/Actualites/Du-masters-1000-de-madrid-a-un-double-avec-un-15-3-en-nationale-4-la-drole-de-semaine-d-albano-olivetti-26e-mondial/1673483,2026-05-06,,,0
"Basket,Euroligue (H)Monaco, une élimination... et un adieu ?MonacoOlympiakos82105",L'Équipe,fr,https://www.lequipe.fr/Basket/Article/Pour-monaco-une-elimination-aux-airs-d-au-revoir-a-l-euroligue/1673471,2026-05-06,,,0
"JO 2030,PolitiqueRoberti, le DG surprise pour calmer le jeu",L'Équipe,fr,https://www.lequipe.fr/Hockey-sur-glace/Article/Vincent-roberti-nouveau-directeur-general-des-alpes-2030-un-prefet-pour-calmer-le-jeu/1673470,2026-05-06,,,0
AtléticoGriezmann a tout tenté mais voit son rêve s'envoler,L'Équipe,fr,https://www.lequipe.fr/Football/Article/Le-reve-d-enfin-remporter-la-ligue-des-champions-s-envole-pour-antoine-griezmann-qui-a-tout-tente-face-a-arsenal-pour-son-dernier-match-europeen/1673491,2026-05-06,,,0
PSGLucas Moura sur Marquinhos : «T'es un champion mon frère !»,L'Équipe,fr,https://www.lequipe.fr/Football/Article/Lucas-moura-admiratif-du-parcours-de-son-ami-marquinhos-capitaine-du-psg-t-es-un-champion-mon-frere/1673323,2026-05-06,,,0
"PSGÀ Munich, le calme avant la tempêteBayern MunichParis-SG21h00",L'Équipe,fr,https://www.lequipe.fr/Football/Article/A-la-veille-de-la-demi-finale-retour-entre-le-bayern-et-le-psg-l-excitation-monte-doucement-a-munich-ou-tout-le-monde-attend-un-immense-choc/1673439,2026-05-06,,,0
ARS(Q)1ATM0,RMC Sport,fr,https://rmcsport.bfmtv.com/football/ligue-des-champions/direct-arsenal-atletico-de-madrid-suivez-en-live-la-demi-finale-retour-de-ligue-des-champions_LS-202605050620.html,2026-05-06,,,0
FCBPSG21:00,RMC Sport,fr,https://rmcsport.bfmtv.com/football/ligue-des-champions/direct-bayern-psg-suivez-en-live-le-choc-en-demi-finale-retour-de-la-ligue-des-champions_LS-202605060306.html,2026-05-06,,,0
SBGRAY21:0007/05,RMC Sport,fr,https://rmcsport.bfmtv.com/football/europa-conference-league/live/2025/match-strasbourg-rayo-vallecano-demi-finales_FM-260227980345.html,2026-05-07,,,0
CRYSHK21:0007/05,RMC Sport,fr,https://rmcsport.bfmtv.com/football/europa-conference-league/live/2025/match-crystal-palace-shakhtar-donetsk-demi-finales_FM-260227462290.html,2026-05-07,,,0
AVLNFO21:0007/05,RMC Sport,fr,https://rmcsport.bfmtv.com/football/europa-league/live/2025/match-aston-villa-nottingham-forest-demi-finales_FM-260227809840.html,2026-05-07,,,0
SCFBRA21:0007/05,RMC Sport,fr,https://rmcsport.bfmtv.com/football/europa-league/live/2025/match-sc-freiburg-sporting-braga-demi-finales_FM-260227399016.html,2026-05-07,,,0
Live en coursLigue des championsDIRECT. Bayern-PSG: suivez en live le choc en demi-finale retour de la Ligue des champions,RMC Sport,fr,https://rmcsport.bfmtv.com/football/ligue-des-champions/direct-bayern-psg-suivez-en-live-le-choc-en-demi-finale-retour-de-la-ligue-des-champions_LS-202605060306.html,2026-05-06,,,0
After Foot,RMC Sport,fr,https://rmcsport.bfmtv.com/replay-emissions/after-foot/,2026-05-06,,,0
Ligue 1 McDonald's,RMC Sport,fr,https://rmcsport.bfmtv.com/football/ligue-1/,2026-05-06,,,0
RMC Sport Combat,RMC Sport,fr,https://rmcsport.bfmtv.com/sports-de-combat/,2026-05-06,,,0
Ligue des Champions,RMC Sport,fr,https://rmcsport.bfmtv.com/football/ligue-des-champions/,2026-05-06,,,0
Ligue Europa,RMC Sport,fr,https://rmcsport.bfmtv.com/football/europa-league/,2026-05-06,,,0
Ligue Conférence,RMC Sport,fr,https://rmcsport.bfmtv.com/football/europa-conference-league/,2026-05-06,,,0
Premier League,RMC Sport,fr,https://rmcsport.bfmtv.com/football/premier-league/,2026-05-06,,,0
"Ligue des championsArsenal-Atlético: le rêve brisé d'Antoine Griezmann, qui ne remportera jamais la Ligue des champions",RMC Sport,fr,https://rmcsport.bfmtv.com/football/ligue-des-champions/arsenal-atletico-le-reve-brise-d-antoine-griezmann-qui-ne-remportera-jamais-la-ligue-des-champions_AN-202605050942.html,2026-05-06,,,0
Ligue des championsArsenal-Atlético: Diego Simeone a bousculé le directeur sportif des Gunners... un ancien de l'Atlético,RMC Sport,fr,https://rmcsport.bfmtv.com/football/ligue-des-champions/arsenal-atletico-diego-simeone-a-bouscule-le-directeur-sportif-des-gunners-un-ancien-de-l-atletico_AN-202605060193.html,2026-05-06,,,0
Ligue des championsBayern-PSG: Fabian Ruiz ou Désiré Doué? La composition probable de Paris pour la demi-finale retour,RMC Sport,fr,https://rmcsport.bfmtv.com/football/ligue-des-champions/bayern-psg-fabien-ruiz-ou-desire-doue-la-composition-probable-de-paris-pour-la-demi-finale-retour-a-munich_AN-202605050935.html,2026-05-06,,,0
"NBA""Trois ou quatre"", Minnesota et Rudy Gobert déplorent des contres illégaux de Victor Wembanyama",RMC Sport,fr,https://rmcsport.bfmtv.com/basket/nba/au-moins-quatre-l-entraineur-de-minnesota-denonce-des-contres-illegaux-de-victor-wembanyama_AV-202605060087.html,2026-05-06,,,0
"Ligue des champions""C’est sûr qu’on va voir des buts"", Laurent Blanc salive avant Bayern-PSG",RMC Sport,fr,https://rmcsport.bfmtv.com/football/ligue-des-champions/c-est-sur-qu-on-va-voir-des-buts-laurent-blanc-salive-avant-bayern-psg_AV-202605060161.html,2026-05-06,,,0
"Ligue des champions""Il s'intégrerait parfaitement à notre effectif"", ce joueur du PSG que le président d'honneur du Bayern prendrait ""immédiatement""",RMC Sport,fr,https://rmcsport.bfmtv.com/football/ligue-des-champions/il-s-integrerait-parfaitement-a-notre-effectif-ce-joueur-du-psg-que-le-president-d-honneur-du-bayern-prendrait-immediatement_AV-202605060114.html,2026-05-06,,,0
ExclusivitéLigue des championsBayern-PSG: la raison pour laquelle Valérien Ismaël voit Paris favori,RMC Sport,fr,https://rmcsport.bfmtv.com/football/ligue-des-champions/bayern-psg-la-raison-pour-laquelle-valerien-ismael-voit-paris-favori_AN-202605050903.html,2026-05-06,,,0
Ligue des championsArsenal-Atlético: un pénalty oublié sur Griezmann? Les Colchoneros remontés contre l'arbitrage après la défaite,RMC Sport,fr,https://rmcsport.bfmtv.com/football/ligue-des-champions/arsenal-atletico-un-penalty-oublie-sur-griezmann-les-colchoneros-remontes-contre-l-arbitrage-apres-la-defaite_AN-202605050962.html,2026-05-06,,,0
Kylian MbappéReal Madrid: comment Kylian Mbappé s'est retrouvé dans une zone de turbulences,RMC Sport,fr,https://rmcsport.bfmtv.com/football/kylian-mbappe/real-madrid-comment-kylian-mbappe-s-est-retrouve-dans-une-zone-de-turbulences_AN-202605050909.html,2026-05-06,,,0
Marseille (OM)OM: les groupes de supporters marseillais réfléchissent à des actions fortes contre Rennes,RMC Sport,fr,https://rmcsport.bfmtv.com/football/clubs/olympique-marseille/om-les-groupes-de-supporters-marseillais-reflechissent-a-des-actions-fortes-contre-rennes_AN-202605050769.html,2026-05-06,,,0
"""Une forme de harcèlement"": pourquoi l'OM enfreint le Code du travail en forçant ses joueurs à dormir à la Commanderie",RMC Sport,fr,https://rmcsport.bfmtv.com/football/clubs/olympique-marseille/ca-pourrait-caracteriser-une-forme-de-harcelement-pourquoi-l-om-enfreint-le-code-du-travail-en-forcant-ses-joueurs-a-dormir-a-la-commanderie_AN-202605050730.html,2026-05-06,,,0
Bayern-PSG: Luis Enrique prend l'exemple de Rafael Nadal pour motiver ses joueurs avant la demi-finale retour de Ligue des champions,RMC Sport,fr,https://rmcsport.bfmtv.com/football/ligue-des-champions/bayern-psg-luis-enrique-prend-l-exemple-de-rafael-nadal-pour-motiver-ses-joueurs-avant-la-demi-finale-retour-de-ligue-des-champions_AN-202605050737.html,2026-05-06,,,0
Les dernières réactions,beIN Sports,fr,https://www.beinsports.com/france/fr-fr/football/uefa-ligue-des-champions/articles-video/ligue-des-champions-oblak-cela-aurait-%C3%A9t%C3%A9-formidable-de-finir-sur-un-titre-pour-griezmann-2026-05-06,2026-05-06,,,0
Challenge Cup,beIN Sports,fr,https://www.beinsports.com/france/fr-fr/rugby/european-challenge-cup#news,2026-05-06,,,0
Champions Cup,beIN Sports,fr,https://www.beinsports.com/france/fr-fr/rugby/european-champions-cup#news,2026-05-06,,,0
Liga Portugal,beIN Sports,fr,https://www.beinsports.com/france/fr-fr/football/liga-portugal#news,2026-05-06,,,0
Bundesliga,beIN Sports,fr,https://www.beinsports.com/france/fr-fr/football/bundesliga#news,2026-05-06,,,0
Coupe de France,beIN Sports,fr,https://www.beinsports.com/france/fr-fr/football/coupe-de-france#news,2026-05-06,,,0
Coupe du Monde 2026,beIN Sports,fr,https://www.beinsports.com/france/fr-fr/football/coupe-du-monde-de-la-fifa-2026#news,2026-05-06,,,0
beIN SQUAD,beIN Sports,fr,https://www.beinsports.com/france/fr-fr/beinspired-beinspired/articles-video/beunited-sp%C3%A9cial-rc-lens-2026-04-21,2026-05-06,,,0
Les derniers podcasts NBA Extra,beIN Sports,fr,https://www.beinsports.com/france/fr-fr/basketball/nba/articles/podcast-nba-extra-ep-161-la-preview-des-demi-finales-2026-05-04,2026-05-06,,,0
Carabao Cup,beIN Sports,fr,https://www.beinsports.com/france/fr-fr/football/league-cup#news,2026-05-06,,,0
Les derniers résumés NBA,beIN Sports,fr,https://www.beinsports.com/france/fr-fr/basketball/nba/articles-video/nba-detroit-r%C3%A9siste-au-retour-des-cavs-et-frappe-le-premier-2026-05-06,2026-05-06,,,0
Les derniers replays NBA Extra,beIN Sports,fr,https://www.beinsports.com/france/fr-fr/basketball/nba/articles-video/replay-nba-extra-04-05-detroit-et-cleveland-qualifi%C3%A9s-2026-05-04,2026-05-06,,,0
Les Podcasts de beIN SPORTS,beIN Sports,fr,https://podcasts.beinsports.com/fr/nba-extra/,2026-05-06,,,0
Podcasts - NBA Extra,beIN Sports,fr,https://www.beinsports.com/france/fr-fr/basketball/nba#news,2026-05-06,,,0
Coupe d'Afrique des Nations,beIN Sports,fr,https://www.beinsports.com/france/fr-fr/football/2025-coupe-d-afrique-des-nations#news,2026-05-06,,,0
Podcast - Previews CAN,beIN Sports,fr,https://www.beinsports.com/france/fr-fr/football/2025-coupe-d-afrique-des-nations#news,2026-05-06,,,0
beIN Shorts,beIN Sports,fr,https://www.beinsports.com/france/fr-fr/football/coupe-du-monde-de-la-fifa-2026#news,2026-05-06,,,0
Coupe du Monde de la FIFA 2026™,beIN Sports,fr,https://www.beinsports.com/france/fr-fr/football/coupe-du-monde-de-la-fifa-2026#news,2026-05-06,,,0
En direct à venir,beIN Sports,fr,https://www.beinsports.com/france/fr-fr/football/uefa-ligue-des-champions/articles-video/ligue-des-champions-oblak-cela-aurait-%C3%A9t%C3%A9-formidable-de-finir-sur-un-titre-pour-griezmann-2026-05-06,2026-05-06,,,0
Dernières vidéos,beIN Sports,fr,https://www.beinsports.com/france/fr-fr/football/uefa-ligue-des-champions/articles-video/ligue-des-champions-oblak-cela-aurait-%C3%A9t%C3%A9-formidable-de-finir-sur-un-titre-pour-griezmann-2026-05-06,2026-05-06,,,0
Suivez-nous !,beIN Sports,fr,https://www.youtube.com/user/beinsportofficiel,2026-05-06,,,0
Suivez-nous,beIN Sports,fr,https://www.facebook.com/beINSPORTSFrance,2026-05-06,,,0
"ICI, le média de la vie locale",France Bleu Sport,fr,https://www.francebleu.fr/provence-alpes-cote-d-azur/bouches-du-rhone-13/marseille/un-porte-conteneur-de-l-entreprise-marseillaise-la-cma-cgm-vise-par-une-attaque-dans-le-detroit-d-ormuz-2347973,2026-05-06,,,0
En cemoment,France Bleu Sport,fr,https://www.francebleu.fr/provence-alpes-cote-d-azur/bouches-du-rhone-13/marseille/un-porte-conteneur-de-l-entreprise-marseillaise-la-cma-cgm-vise-par-une-attaque-dans-le-detroit-d-ormuz-2347973,2026-05-06,,,0
Prix des carburants,France Bleu Sport,fr,https://www.francebleu.fr/emissions/l-invite-de-la-redaction-ici-alsace/emploi-en-alsace-on-entrera-dans-le-dur-sans-amelioration-de-la-situation-d-ici-septembre-predit-la-cci-1010531,2026-05-06,,,0
Dans votre région,France Bleu Sport,fr,https://www.francebleu.fr/emissions/l-invite-d-ici-matin-pays-d-auvergne/christine-pires-beaune-deputee-du-puy-de-dome-a-une-nouvelle-mission-4754866,2026-05-06,,,0
Auvergne-Rhône-Alpes,France Bleu Sport,fr,https://www.francebleu.fr/emissions/l-invite-d-ici-matin-pays-d-auvergne/christine-pires-beaune-deputee-du-puy-de-dome-a-une-nouvelle-mission-4754866,2026-05-06,,,0
Bourgogne-Franche-Comté,France Bleu Sport,fr,https://www.francebleu.fr/bourgogne-franche-comte/doubs-25/besancon/rejoignez-nous-a-la-foire-comtoise-du-8-au-17-mai-2026-7529151,2026-05-06,,,0
Centre-Val de Loire,France Bleu Sport,fr,https://www.francebleu.fr/centre-val-de-loire/loiret-45/orleans/canal-d-orleans-des-travaux-d-urgence-apres-l-effondrement-d-une-partie-de-la-digue-2287282,2026-05-06,,,0
Hauts-de-France,France Bleu Sport,fr,https://www.francebleu.fr/hauts-de-france/pas-de-calais-62/le-touquet-paris-plage/le-touquet-paris-plage-travaille-sur-un-projet-d-ecuroducs-pour-aider-les-ecureuils-a-traverser-les-routes-3658848,2026-05-06,,,0
Île-de-France,France Bleu Sport,fr,https://www.francebleu.fr/ile-de-france/paris-75/paris/ligue-des-champions-le-psg-face-au-bayern-munich-un-acte-ii-allechant-pour-une-place-en-finale-1783296,2026-05-06,,,0
Nouvelle-Aquitaine,France Bleu Sport,fr,https://www.francebleu.fr/emissions/l-invite-d-ici-matin-creuse/il-est-tres-connu-et-fait-le-tour-du-monde-romain-valadour-professeur-au-college-marouzeau-a-gueret-1001294,2026-05-06,,,0
Pays de la Loire,France Bleu Sport,fr,https://www.francebleu.fr/pays-de-la-loire/loire-atlantique-44/nantes/le-chauffeur-de-vtc-poursuivit-pour-la-mort-d-un-supporter-du-fc-nantes-sera-bien-juge-par-la-cour-d-assises-2265844,2026-05-06,,,0
Provence-Alpes-Côte d'Azur,France Bleu Sport,fr,https://www.francebleu.fr/provence-alpes-cote-d-azur/vaucluse-84/bollene/une-personne-happee-par-un-train-a-bollene-5097300,2026-05-06,,,0
Les dernières actus,France Bleu Sport,fr,https://www.francebleu.fr/pays-de-la-loire/loire-atlantique-44/nantes/le-chauffeur-de-vtc-poursuivit-pour-la-mort-d-un-supporter-du-fc-nantes-sera-bien-juge-par-la-cour-d-assises-2265844,2026-05-06,,,0
Vous rendre service,France Bleu Sport,fr,https://www.francebleu.fr/services/partir-en-week-end,2026-05-06,,,0
Partir en week-end,France Bleu Sport,fr,https://www.francebleu.fr/services/partir-en-week-end,2026-05-06,,,0
L'horoscope de Catherine Viguié,France Bleu Sport,fr,https://www.francebleu.fr/emissions/horoscope-de-catherine-viguie,2026-05-06,,,0
Jeux et concours,France Bleu Sport,fr,https://www.francebleu.fr/vie-quotidienne/jeux,2026-05-06,,,0
Agenda des sorties,France Bleu Sport,fr,https://www.francebleu.fr/services/agenda-des-sorties,2026-05-06,,,0
Carte des marchés,France Bleu Sport,fr,https://www.francebleu.fr/services/horaires-marches,2026-05-06,,,0
Nos conseils au quotidien,France Bleu Sport,fr,https://www.francebleu.fr/emissions/les-conseils-du-docteur-kierzek/allergies-traitements-efficaces-ou-faux-remedes-ce-qu-il-faut-vraiment-savoir-7763793,2026-05-06,,,0
Vos musiques préférées toute la journée,France Bleu Sport,fr,https://www.francebleu.fr/radio/radio-chanson-francaise,2026-05-06,,,0
100% chanson française,France Bleu Sport,fr,https://www.francebleu.fr/radio/radio-chanson-francaise,2026-05-06,,,0
100% années 80,France Bleu Sport,fr,https://www.francebleu.fr/radio/radio-annees-80,2026-05-06,,,0
Retrouvez les chansons diffusées sur ICI,France Bleu Sport,fr,https://open.spotify.com/track/7qiZfU4dY1lWllzX7mPBI3,2026-05-06,,,0
Des podcasts pour vous,France Bleu Sport,fr,https://www.francebleu.fr/emissions/les-malefiques-ces-creatures-fantastiques-qui-peuplent-les-contes-en-france/ech-goblin-le-lutin-de-la-sagesse-dans-le-nord-9063121,2026-05-06,,,0
"Les Maléfiques, ces créatures fantastiques qui peuplent les contes en France",France Bleu Sport,fr,https://www.francebleu.fr/emissions/les-malefiques-ces-creatures-fantastiques-qui-peuplent-les-contes-en-france/ech-goblin-le-lutin-de-la-sagesse-dans-le-nord-9063121,2026-05-06,,,0
"Bouffées de chaleur, le podcast sur la ménopause avec Anna Roy",France Bleu Sport,fr,https://www.francebleu.fr/emissions/bouffees-de-chaleur-le-podcast-sur-la-menopause-avec-anna-roy/sophie-avec-la-menopause-j-ai-le-sentiment-de-vivre-la-meilleure-periode-de-ma-vie-3028388,2026-05-06,,,0
La folie des hauteurs,France Bleu Sport,fr,https://www.francebleu.fr/emissions/la-folie-des-hauteurs/une-amitie-enfouie-sous-la-glace-6496419,2026-05-06,,,0
Aurélie Saada : « J’adore ce quartier de Paris qui regorge de plaisirs gourmands et artistiques ! »,France Bleu Sport,fr,https://www.francebleu.fr/emissions/partir-des-bons-plans-pour-des-week-ends-en-france/aurelie-saada-j-adore-ce-quartier-de-paris-qui-regorge-de-plaisirs-gourmands-et-artistiques-7789438,2026-05-06,,,0
Les incontournables d'ICI,France Bleu Sport,fr,https://www.francebleu.fr/emissions/stephane-bern-voyage-dans-le-temps,2026-05-06,,,0
ICI vous recommande,France Bleu Sport,fr,https://www.francebleu.fr/emissions/ca-tourne-le-mag/pour-le-plaisir-la-comedie-qui-libere-la-parole-sur-le-plaisir-feminin-7002195,2026-05-06,,,0
Vos programmes TV préférés,France Bleu Sport,fr,https://www.francebleu.fr/tv/replay/dimanche-en-politique-bretagne/8392002-xavier-dupont-de-ligonnes-un-mystere-sans-fin,2026-05-06,,,0
Xavier Dupont de Ligonnès : un mystère sans fin,France Bleu Sport,fr,https://www.francebleu.fr/tv/replay/dimanche-en-politique-bretagne/8392002-xavier-dupont-de-ligonnes-un-mystere-sans-fin,2026-05-06,,,0
TennisExplorer,Tennis Explorer,fr,https://www.tennisexplorer.com/,2026-05-06,,,0
LIVE Scores,Tennis Explorer,fr,https://www.tennisexplorer.com/live/,2026-05-06,,,0
Today's matches,Tennis Explorer,fr,https://www.tennisexplorer.com/matches/,2026-05-06,,,0
Tours calendar,Tennis Explorer,fr,https://www.tennisexplorer.com/calendar/atp-men/,2026-05-06,,,0
Tennis news,Tennis Explorer,fr,https://www.tennisexplorer.com/tennis-news/,2026-05-06,,,0
WTA Elite Trophy,Tennis Explorer,fr,https://www.tennisexplorer.com/redirect/?url=https://www.wtaelitetrophy.com/en,2026-05-06,,,0
"Unique database of35,000 players,results fromATP, WTA, challengers, futures",Tennis Explorer,fr,https://www.tennisexplorer.com/list-players/,2026-05-06,,,0
"Upcoming matchesfor all pro tennis events,head-to-headbalances, latest player results",Tennis Explorer,fr,https://www.tennisexplorer.com/matches/,2026-05-06,,,0
"Betting help -odds comparison, profitablebetting picks",Tennis Explorer,fr,https://www.tennisexplorer.com/picks/,2026-05-06,,,0
Live scorescovering all the major ATP and WTA tournaments,Tennis Explorer,fr,https://www.tennisexplorer.com/live/,2026-05-06,,,0
"ATP and WTArankings,list of recentlyinjured players",Tennis Explorer,fr,https://www.tennisexplorer.com/ranking/atp-men/,2026-05-06,,,0
Wuxi challenger13,Tennis Explorer,fr,https://www.tennisexplorer.com/wuxi-challenger/2026/atp-men/,2026-05-06,,,0
Francavilla challenger14,Tennis Explorer,fr,https://www.tennisexplorer.com/francavilla-challenger/2026/atp-men/,2026-05-06,,,0
Santos challenger18,Tennis Explorer,fr,https://www.tennisexplorer.com/santos-challenger/2026/atp-men/,2026-05-06,,,0
UTR Pro Tennis Series17,Tennis Explorer,fr,https://www.tennisexplorer.com/utr-pro-tennis-series/2026/atp-men/,2026-05-06,,,0
UTR Pro Tennis Serie...24,Tennis Explorer,fr,https://www.tennisexplorer.com/utr-pro-tennis-series-3/2026/atp-men/,2026-05-06,,,0
UTR Pro Tennis Serie...7,Tennis Explorer,fr,https://www.tennisexplorer.com/utr-pro-tennis-series-5/2026/atp-men/,2026-05-06,,,0
The league is the dream - but is this Arsenal's moment in Europe?,BBC Sport,en,https://www.bbc.com/sport/sport/football/articles/cj0p2p60vl2o,2026-05-06,,,0
Smaller balls for women's rugby 'worst decision ever',BBC Sport,en,https://www.bbc.com/sport/sport/rugby-union/articles/ckgpn3pdzr7o,2026-05-06,,,0
Where do Bayern's prolific trio rank in greatest front threes ever?,BBC Sport,en,https://www.bbc.com/sport/sport/football/articles/cjep34l5qd7o,2026-05-06,,,0
DeChambeau to focus on YouTube if LIV Golf fails,BBC Sport,en,https://www.bbc.com/sport/sport/golf/articles/cg5pyj9pp0go,2026-05-06,,,0
Live.Reaction as Arsenal reach Champions League final,BBC Sport,en,https://www.bbc.com/sport/sport/football/live/clypek3k3rdt,2026-05-06,,,0
Chelsea owners face moment of reckoning amid fan backlash,BBC Sport,en,https://www.bbc.com/sport/sport/football/articles/cy72gpv573no,2026-05-06,,,0
Nijman emulates Van Gerwen with fifth title in a year,BBC Sport,en,https://www.bbc.com/sport/sport/darts/articles/c9q3j5qevz4o,2026-05-06,,,0
Players will boycott a Slam at some point - Sabalenka,BBC Sport,en,https://www.bbc.com/sport/sport/tennis/articles/cx21klez7ppo,2026-05-06,,,0
UK government discusses hosting Olympics in 2040s,BBC Sport,en,https://www.bbc.com/sport/sport/olympics/articles/c74dedq91vdo,2026-05-06,,,0
Rahm eligible for Ryder Cup after striking tour deal,BBC Sport,en,https://www.bbc.com/sport/sport/golf/articles/c1e2zvn89yzo,2026-05-06,,,0
"'No ego, no noise, just consistent excellence' - humble Halfpenny retires",BBC Sport,en,https://www.bbc.com/sport/sport/rugby-union/articles/cd9px291jyyo,2026-05-06,,,0
Thunder and Pistons make winning start in semi-finals,BBC Sport,en,https://www.bbc.com/sport/sport/basketball/articles/c2k25lvv1qzo,2026-05-06,,,0
"Arteta pays tribute to Arsenal players & fans after 'incredible night' Video, 00:01:31Arteta pays tribute to Arsenal players & fans after 'incredible night'",BBC Sport,en,https://www.bbc.com/sport/sport/football/videos/cgrpnpzgde0o,2026-05-06,,,0
"Why Premier League title is Arsenal's to lose after Man City slip. Video, 00:02:51Why Premier League title is Arsenal's to lose after Man City slip",BBC Sport,en,https://www.bbc.com/sport/sport/football/videos/cgep7rl0qp8o,2026-05-06,,,0
"Carrick 'deserves chance' to continue at Man Utd - Shearer. Video, 00:01:11Carrick 'deserves chance' to continue at Man Utd - Shearer",BBC Sport,en,https://www.bbc.com/sport/sport/football/videos/c3w2ezejpd1o,2026-05-06,,,0
"'He's taken a lot of stick' - Burn dedicates Brighton win to Howe. Video, 00:01:59'He's taken a lot of stick' - Burn dedicates Brighton win to Howe",BBC Sport,en,https://www.bbc.com/sport/sport/football/videos/c2d2lw1e4xpo,2026-05-06,,,0
"Tuchel helped me understand new role - Anderson. Video, 00:02:08Tuchel helped me understand new role - Anderson",BBC Sport,en,https://www.bbc.com/sport/sport/football/videos/c93774719e7o,2026-05-06,,,0
More sports news,BBC Sport,en,https://www.bbc.com/sport/sport/football/articles/cn0p19vzvz1o,2026-05-06,,,0
Napoli to make Hojlund's move permanent  - Wednesday's gossip,BBC Sport,en,https://www.bbc.com/sport/sport/football/articles/cn0p19vzvz1o,2026-05-06,,,0
Raducanu withdraws from Rome with post-viral symptoms,BBC Sport,en,https://www.bbc.com/sport/sport/tennis/articles/c707kn51eylo,2026-05-06,,,0
Champions League quiz: Can you name every finalist?,BBC Sport,en,https://www.bbc.com/sport/sport/football/articles/c9d3597vnqlo,2026-05-06,,,0
The family sacrifices that helped Wu become world champion,BBC Sport,en,https://www.bbc.com/sport/sport/snooker/articles/cgrpwvlv149o,2026-05-06,,,0
Is Gibbs-White favourite to start as England's number 10?,BBC Sport,en,https://www.bbc.com/sport/sport/football/articles/c794d751np2o,2026-05-06,,,0
England selector interviews taking place this week,BBC Sport,en,https://www.bbc.com/sport/sport/cricket/articles/cqlpd91dn27o,2026-05-06,,,0
Cordina to fight Mason for WBO lightweight title,BBC Sport,en,https://www.bbc.com/sport/sport/boxing/articles/c4gv2g3mgr7o,2026-05-06,,,0
Also in sport,BBC Sport,en,https://www.bbc.com/sport/sport/formula1/articles/c4g4z98xk1po,2026-05-06,,,0
What does Antonelli's improvement mean for Russell? F1 Q&A,BBC Sport,en,https://www.bbc.com/sport/sport/formula1/articles/c4g4z98xk1po,2026-05-06,,,0
'Caption this' - Ferdinand and Carragher's social spat,BBC Sport,en,https://www.bbc.com/sport/sport/football/articles/clypz9rr412o,2026-05-06,,,0
O'Neill says Hearts can be regular title contenders,BBC Sport,en,https://www.bbc.com/sport/sport/football/articles/cn0pygne3gjo,2026-05-06,,,0
Sing returns as Red Roses rejig back three against Italy,BBC Sport,en,https://www.bbc.com/sport/sport/rugby-union/articles/c8xwqdll1w8o,2026-05-06,,,0
What now for Rohl's Rangers as title hopes fade?,BBC Sport,en,https://www.bbc.com/sport/sport/football/articles/ceqp9nw8yy8o,2026-05-06,,,0
French broadcaster hits back at Bath's TMO criticism,BBC Sport,en,https://www.bbc.com/sport/sport/rugby-union/articles/c1e2zjnv69vo,2026-05-06,,,0
Terzic agrees to become new coach of Athletic Club,BBC Sport,en,https://www.bbc.com/sport/sport/football/articles/ce3pn2nwvy6o,2026-05-06,,,0
Who has made Troy's Premier League team of the week?,BBC Sport,en,https://www.bbc.com/sport/sport/football/articles/cwy21xwnz10o,2026-05-06,,,0
Warwickshire sign 'high-impact' Pakistan spinner Tariq,BBC Sport,en,https://www.bbc.com/sport/sport/cricket/articles/cpdpx2wqj5do,2026-05-06,,,0
RFU backs Borthwick but flags multiple Six Nations failings,BBC Sport,en,https://www.bbc.com/sport/sport/rugby-union/articles/c5y7ve0v8y2o,2026-05-06,,,0
How did Guehi 'assist' allow Barry to score when offside?,BBC Sport,en,https://www.bbc.com/sport/sport/football/articles/cdrpykm2npgo,2026-05-06,,,0
"Adriano, Samba, R.Larcos - ranking the most iconic video game footballers",BBC Sport,en,https://www.bbc.com/sport/sport/football/articles/c78k1lv7d5no,2026-05-06,,,0
Top Stories,Sky Sports,en,https://www.skysports.com/football,2026-05-06,,,0
Momentum is shifting Arsenal's way – it could lead to two trophies,Sky Sports,en,https://www.skysports.com/football/news/11095/13540568/arsenal-reach-champions-league-final-momentum-is-shifting-for-mikel-artetas-side-at-the-right-time,2026-05-06,,,0
Saka downs Atletico to send Arsenal into Champions League final,Sky Sports,en,https://www.skysports.com/football/arsenal-vs-atletico-madrid/report/554949,2026-05-06,,,0
YOUR VIEWS on Arsenal - and what it might mean for England...,Sky Sports,en,https://www.skysports.com/football/arsenal-vs-atletico-madrid/live/554949,2026-05-06,,,0
Rahm reaches deal to play on DP World Tour and in Ryder Cup,Sky Sports,en,https://www.skysports.com/golf/news/11071/13540403/jon-rahm-agrees-deal-to-play-on-dp-world-tour-after-paying-off-outstanding-fines-leaving-him-free-to-feature-in-ryder-cup,2026-05-06,,,0
Have Mercedes' rivals caught up as F1 upgrade battle ignites?,Sky Sports,en,https://www.skysports.com/f1/news/12433/13540350/f1-upgrades-have-mclaren-ferrari-and-red-bull-caught-mercedes-as-development-battle-ignites-in-miami,2026-05-06,,,0
DeChambeau: I'll prioritise YouTube over PGA Tour,Sky Sports,en,https://www.skysports.com/golf/news/12176/13540584/bryson-dechambeau-if-liv-golf-fails-ill-prioritise-youtube-channel-over-potential-pga-tour-return,2026-05-06,,,0
Merson: Chelsea are in a mess - who would want the manager's job?,Sky Sports,en,https://www.skysports.com/football/news/11095/13540336/chelsea-blues-are-in-a-mess-who-would-want-the-managers-job-at-stamford-bridge-asks-paul-merson,2026-05-06,,,0
New names emerge as Man Utd midfield plans ramp up,Sky Sports,en,https://www.skysports.com/football/news/11095/13540368/man-utd-transfer-news-tyler-adams-alex-scott-and-mateus-fernandes-emerge-as-possible-signings-as-midfield-plans-ramp-up,2026-05-06,,,0
Wardley warns Usyk: 'I’m not stopping at one belt',Sky Sports,en,https://www.skysports.com/boxing/news/12040/13540506/fabio-wardley-warns-unified-champion-oleksandr-usyk-i-ve-got-one-belt-and-i-m-not-planning-on-stopping-there,2026-05-06,,,0
"Arsenal latest: 'We've dreamt of this our whole lives,' says Odegaard after reaching final",Sky Sports,en,https://www.skysports.com/football/live-blog/11670/13025486/arsenal-transfer-news-rumours-and-gossip-live-updates-and-latest-on-deals-signings-loans-and-contracts,2026-05-06,,,0
Papers: Napoli to sign Hojlund from Man Utd,Sky Sports,en,https://www.skysports.com/football/transfer-paper-talk/12709/13540543/rasmus-hojlund-napoli-say-they-will-sign-man-utd-striker-this-summer-by-triggering-lb38m-release-clause-paper-talk,2026-05-06,,,0
Raducanu withdraws from Italian Open,Sky Sports,en,https://www.skysports.com/tennis/news/12110/13540504/emma-raducanu-british-no-1-withdraws-from-italian-open-due-to-post-viral-illness,2026-05-06,,,0
Thunder ease past Lakers in semi-final Game 1 to keep title defence going,Sky Sports,en,https://www.skysports.com/nba/news/36226/13540587/nba-oklahoma-city-thunder-ease-past-los-angeles-lakers-in-western-conference-semi-final-game-1-to-keep-title-defence-going,2026-05-06,,,0
Don't miss these,Sky Sports,en,https://www.skysports.com/football/video/16426/13514240/premier-league-david-rayas-best-saves-from-the-season,2026-05-06,,,0
Latest News,Sky Sports,en,https://www.skysports.com/news,2026-05-06,,,0
"Carra: If Arsenal beat West Ham, they win the Premier League",Sky Sports,en,https://www.skysports.com/football/news/11679/13540221/everton-3-3-man-city-if-arsenal-beat-west-ham-on-sunday-they-win-the-premier-league-title-says-jamie-carragher,2026-05-06,,,0
Foden agrees terms on new Man City contract,Sky Sports,en,https://www.skysports.com/football/news/11095/13540300/phil-foden-contract-man-city-star-agrees-to-sign-new-four-year-deal-as-he-approaches-final-year,2026-05-06,,,0
Transfer Centre LIVE! Inter Miami 'strong contenders' to sign Casemiro,Sky Sports,en,https://www.skysports.com/football/live-blog/11095/12476234/transfer-centre-live-football-transfer-news-updates-and-rumours,2026-05-06,,,0
England pace prospect Baker says Test debut would be 'dream come true',Sky Sports,en,https://www.skysports.com/cricket/news/12123/13540455/sonny-baker-england-test-debut-would-be-dream-come-true-says-talented-hampshire-fast-bowler,2026-05-06,,,0
Borthwick backed by RFU to stay on after 'challenging' Six Nations review,Sky Sports,en,https://www.skysports.com/rugby-union/news/12321/13540348/england-rugby-steve-borthwick-backed-by-rfu-to-stay-on-until-2027-rugby-world-cup-after-challenging-six-nations-review,2026-05-06,,,0
Carra: Chelsea look like a broken club,Sky Sports,en,https://www.skysports.com/football/news/11095/13540146/chelsea-look-like-a-broken-club-says-jamie-carragher-after-blues-suffer-sixth-straight-premier-league-defeat,2026-05-06,,,0
Rozicki faces Billam-Smith: 'Scars will show what side he's vulnerable on',Sky Sports,en,https://www.skysports.com/boxing/news/12040/13540516/ryan-rozicki-on-facing-chris-billam-smith-and-looking-for-weaknesses-scars-will-show-what-side-hes-vulnerable-on,2026-05-06,,,0
Man Utd latest: VOTE! Which midfielder should Man Utd prioritise this summer?,Sky Sports,en,https://www.skysports.com/football/live-blog/33694/13025492/man-utd-transfer-news-rumours-and-gossip-live-updates-and-latest-on-deals-signings-loans-and-contracts,2026-05-06,,,0
McGinn: European glory with Aston Villa would mean everything,Sky Sports,en,https://www.skysports.com/football/news/11677/13537483/john-mcginn-interview-aston-villa-captain-on-european-trophy-dreams-and-why-his-role-is-about-more-than-football,2026-05-06,,,0
'We made history together!' | Arteta lauds 'incredible night',Sky Sports,en,https://www.skysports.com/football/video/30998/13540558/we-are-in-the-final-mikel-arteta-reacts-to-reaching-a-first-cl-final-since-2006,2026-05-06,,,0
"Who could be the next Chelsea manager? Henry, Carra assess possible candidates",Sky Sports,en,https://www.skysports.com/football/video/30998/13540247/jamie-carragher-and-thierry-henry-look-at-chelseas-potential-next-manager,2026-05-06,,,0
Title-race twist! Doku saves Man City with dramatic stoppage-time equaliser,Sky Sports,en,https://www.skysports.com/premier-league-highlights/video/36504/13540239/everton-3-3-man-city-premier-league-highlights,2026-05-06,,,0
Perfection! Bellingham backheel sets Vini Jr up for stunning half-volley!,Sky Sports,en,https://www.skysports.com/football/video/30998/13540437/jude-bellingham-backheel-sets-vinicius-jr-up-for-stunning-half-volley-against-espanyol,2026-05-06,,,0
Forest hand Chelsea sixth straight PL defeat and move six clear of drop zone,Sky Sports,en,https://www.skysports.com/football/video/12606/13540133/chelsea-1-3-nottingham-forest-premier-league-highlights,2026-05-06,,,0
Take Time to Think,Sky Sports,en,https://m.skybet.com/lp/safer-gambling,2026-05-06,,,0
Sky Vegas Prize Machine,Sky Sports,en,https://skyvegas.com/prize-machine,2026-05-06,,,0
Around Sky,Sky Sports,en,https://www.skysports.com/more-sports,2026-05-06,,,0
Upgrade to Sky Sports to watch more games than ever before,Sky Sports,en,https://www.sky.com/tv/sports?dcmp=ssf.com-homepage-getskysports,2026-05-06,,,0
Not got Sky? Get instant access to Sky Sports with no contract,Sky Sports,en,https://www.nowtv.com/plans/new/sports?DCMP=ilc_NTV_skysports_marketing_watch_RHS,2026-05-06,,,0
Arsenal are in the UCL final! Saka on the spot to seal victory,Goal.com,en,https://www.goal.com/en/en/lists/arsenal-player-ratings-vs-atletico-madrid-bukayo-saka-champions-league-final/blt1b6bc765e07a75c8,2026-05-06,,,0
Getty/GOALWinners & LosersChampions LeagueArsenal's dominant defence now faces ultimate UCL final testArsenal are through to the Champions League final after a 1-0 victory over Atletico Madrid at the Emirates on Tuesday. It wasn't pretty - it rarely is when Arsenal are involved. Mikel Arteta's men specialise in ugly wins. but there was unquestionably something beautiful about Bukayo Saka scoring the goal that decided a tedious tie 2-1 in the Gunners' favour.,Goal.com,en,https://www.goal.com/en/en/lists/arsenal-atletico-madrid-winners-losers-champions-league-final/blt8b6f3b7dc5585b21,2026-05-06,,,0
"GOALOpinionBayern MunichCan signing of the season Diaz win the Ballon d'Or?In the 44th minute of Bayern Munich's Bundesliga clash with St. Pauli on November 29, Luis Diaz ended up prone in the penalty area. However, while the winger had lost his balance, he'd not lost control of the ball - and somehow managed to flick it up off the floor and into the path of Joshua Kimmich to score. It was an extraordinary piece of skill - but Bayern boss Vincent Kompany wasn't in the least bit surprised by it.",Goal.com,en,https://www.goal.com/en/en/lists/luis-diaz-ballon-dor-best-signing-season-bayern-munich-champions-league-glory-colombia-world-cup/blt58eebefef24d2bbb,2026-05-06,,,0
"Getty/GOALOpinionEngland10 England outsiders who can still earn World Cup spotsThe clock is ticking down to a potentially tenure-defining decision for Thomas Tuchel, who will be putting the final touches to his England squad for the 2026 World Cup. However, there is still time for those on the fringes to make a late push into the manager's thinking as the season enters his final weeks. Some, though, stand a much better chance than others.",Goal.com,en,https://www.goal.com/en/en/lists/england-outsiders-trent-alexander-arnold-morgan-gibbs-white-thomas-tuchel-world-cup-squad-ranked/blt29275b7629f5983c,2026-05-06,,,0
"Getty/GOALLegacyWorld CupLEGACY: Senegal's resurgent World Cup journeyThis is Legacy, GOAL’s feature and podcast series that counts down to the 2026 World Cup. Each week, we explore the stories and the spirit behind the nations that define the world’s game. This week, we follow Senegal's Lions of Teranga across two decades of triumph, turbulence and transformation - from the thunderbolt of 2002, to the cruel fair-play exit of 2018, to the continental rise that brought them back stronger in Qatar.",Goal.com,en,https://www.goal.com/en/en/lists/legacy-senegal-world-cup-journey/bltd4afb23a594558dd,2026-05-06,,,0
Getty/GOALPlayer ratingsAtletico MadridAlvarez goes missing as shot-shy Atleti come up shortAtletico Madrid once again came up short in the Champions League as they suffered a 1-0 loss at Arsenal on Tuesday that meant they succumbed to a 2-1 aggregate defeat in their semi-final tie. Diego Simeone's side mustered just two shots on target in north London as their hopes of facing either Bayern Munich or Paris Saint-Germain in Budapest on May 30 went up in smoke.,Goal.com,en,https://www.goal.com/en/en/lists/atletico-madrid-player-ratings-arsenal-champions-league/blt0a3d7cd76ecafbc3,2026-05-06,,,0
"Getty/GOALAnalysisWorld CupBiggest stars to have been ruled out of the World CupThe 2026 World Cup is almost here. After years of build-up, dramatic qualifiers and numerous good - and bad - news stories surrounding FIFA's flagship finals, players and coaches from around the world are completing their last preparations before descending on the United States, Mexico and Canada in June for the biggest international football tournament to ever have been staged.",Goal.com,en,https://www.goal.com/en/en/lists/biggest-stars-miss-2026-world-cup-injury-suspension-selection/bltd6ff2d56ebf99a62,2026-05-06,,,0
"Getty/GOALPlayer ratingsManchester CityDoku bails out Guehi - but City hand Arsenal huge advantageJeremy Doku's sublime last-gasp equaliser salvaged a point for Manchester City in a dramatic 3-3 draw with Everton on Monday night, but a second-half capitulation means Pep Guardiola's side have still handed Arsenal a huge advantage in the Premier League title race. City had led 1-0 at half-time, before imploding after the break and finding themselves two goals down with nine minutes to play.",Goal.com,en,https://www.goal.com/en/en/lists/man-city-player-ratings-vs-everton-jeremy-doku-marc-guehi/blt34f25f3c35b60706,2026-05-06,,,0
"GOALAnalysisArsenalThe Gyokeres conundrum: Do Arsenal need a striker upgrade?Last week was unquestionably the best of Viktor Gyokeres' Arsenal career so far. On Wednesday, the £64 million ($86m) summer signing confidently converted a penalty in the Gunners' 1-1 draw with Atletico Madrid in the first leg of their Champions League semi-final at the Metropolitano. Three days later, Gyokeres scored two goals and created another in a 3-0 win over Fulham that extended Arsenal's advantage at the top of the Premier League to six points.",Goal.com,en,https://www.goal.com/en/en/lists/arsenal-viktor-gyokeres-conundrum-gunners-already-need-upgrade-64-million-summer-signing/blt9f6a6abbef2ddd65,2026-05-06,,,0
"Getty/GOALWinners & LosersWomen's Champions LeagueWinners & losers from the dramatic UWCL semi-finalsWith 20 goals across the four games, and late drama at the end of both ties, it's fair to say the 2025-26 Women's Champions League semi-finals delivered. Out of them emerged Lyon, the eight-time winners, and Barcelona, the three-time champions, to set up a truly mouth-watering final in Oslo on May 23, in which there will be so many fascinating storylines.",Goal.com,en,https://www.goal.com/en/en/lists/alexia-putellas-melchie-dumornay-ballon-d-or-mariona-caldentey-arsenal-european-dreams-over-winners-losers-womens-champions-league-semi-finals/blteb761f2aa1d63860,2026-05-06,,,0
"BundesligaA. GordonGordon transfer: Reportedly significant internal hurdles for EberlFC Bayern Munich faces several hurdles in its pursuit of ""target player"" Anthony Gordon.",Goal.com,en,https://www.goal.com/en/en/lists/could-three-players-be-on-their-way-out-of-the-club-reports-suggest-that-sporting-director-max-eberl-faces-substantial-internal-hurdles-over-fc-bayern-s-rumoured-transfer-target/bltbcd2b9e1c95576f2,2026-05-06,,,0
"BundesligaN. WilliamsNew details have emerged about Bayern's rejection of WilliamsNico Williams' name was on FC Bayern Munich's wish list for much of last summer, yet the transfer ultimately fell through for several reasons.",Goal.com,en,https://www.goal.com/en/en/lists/two-factors-worked-against-him-new-details-have-emerged-about-fc-bayern-munich-s-decision-to-drop-former-transfer-target-nico-williams/blta0878a51ca25a912,2026-05-06,,,0
"IMAGO / Kirchner-MediaBundesligaK. EichhornBooks' dream signing: BVB reportedly working on a transfer coupBVB are determined to do whatever it takes to secure a top-class talent. In doing so, Ole Book aims to avoid repeating the mistake that drew criticism towards Sebastian Kehl.",Goal.com,en,https://www.goal.com/en/en/lists/sebastian-kehl-may-have-made-a-significant-error-as-bvb-are-working-hard-to-secure-ole-book-s-dream-move/bltecc8dbc3b1b4db8c,2026-05-06,,,0
Champions LeagueBayern Munich vs Paris Saint-GermainKompany is convinced: has FCB's first summer transfer already been wrapped up?FC Bayern Munich's first summer signing is all but completed. PSG has sprung a surprise with its Champions League squad. Latest news and rumours about FCB.,Goal.com,en,https://www.goal.com/en/en/lists/fc-bayern-munich-news-and-rumours-vincent-kompany-is-fully-convinced-and-the-club-s-first-summer-signing-now-appears-all-but-done/blt238c075d55eef70c,2026-05-06,,,0
"Manchester CityArsenal'Not here to give advice to Arteta!' - Guardiola snaps back at reporterA nonplussed Pep Guardiola dismissed a question from a reporter that related to Mikel Arteta chasing his first Premier League title as a manager, insisting that he had not attended his pre-match press conference to offer advice to the Arsenal boss. Manchester City face Leeds on Saturday evening as they look to close the gap at the top of the table to two points, with the Gunners not in action until Sunday, when they host Chelsea.",Goal.com,en,https://www.goal.com/en/en/team/manchester-city/a3nyxabgsqlnqfkeg41m6tnpp,2026-05-06,,,0
"GOALExclusiveW. Morgan🎥 | Wes Morgan reveals all about Leicester's miracle title winIn the latest episode of the Beast Mode On Podcast, Wes Morgan, captain of Leicester City's historic title-winning side, shares the real story behind one of the greatest underdog achievements in football history. The conversation dives deep into the mindset behind the Foxes' impossible Premier League title win, a 5000-1 miracle that shocked the world. The ex-Nottingham Forest defender also discusses his battles with Lionel Messi and Cristiano Ronaldo, his pride at representing Jamaica and more.",Goal.com,en,https://www.goal.com/en/en/news/video-beast-mode-on-podcast-wes-morgan-leicester/blt1b1dd10bde43bc13,2026-05-06,,,0
"GOALExclusiveA. Iwobi🎥 | Iwobi on leaving Arsenal, facing Messi & moreAbebayo Akinfenwa is joined by Alex Iwobi on the Beast Mode On Podcast as the Fulham winger discusses his journey from the Arsenal academy to becoming a regular in the Premier League and making his mark on the international stage with Nigeria. The 29-year-old also talks about his duels with Lionel Messi and Cristiano Ronaldo as well as a host of other compelling topics.",Goal.com,en,https://www.goal.com/en/en/news/video-fulham-nigeria-alex-iwobi-beast-mode-on-podcast/blt0e72312454b14a7f,2026-05-06,,,0
GOALCULTUREWorld Cup🎥 | Front Three host the ultimate World Cup quiz battleNine nations are competing for the title but there can only be one winner! GOAL's Front Three host a special Battle Royale-style football quiz to determine who has the best ball knowledge,Goal.com,en,https://www.goal.com/en/en/news/world-cup-football-knowledge-front-three-quiz-england-france-spain-brazil/blt262086dcb9786b2c,2026-05-06,,,0
"GOALCULTURE🎥 | Yamal's a GOAT! Front Three rank NXGN 2026 wonderkidsNXGN 2026 is here! GOAL's Front Three run the rule over the world's best young players, deciding which wonderkids will flatter to deceive and those that are destined to be the next Lionel Messi and Cristiano Ronaldo",Goal.com,en,https://www.goal.com/en/en/news/video-lamine-yamal-estevao-front-three-rank-nxgn-2026-wonderkids/blt265706a18fd0d2d3,2026-05-06,,,0
"Getty Images SportArsenalChampions LeagueWayne Rooney blasts Arteta & Arsenal for 'over-celebrating' UCL final berthWayne Rooney has hit out at Arsenal following their Champions League semi-final victory over Atletico Madrid, accusing Mikel Arteta and his players of ""over-celebrating"" their progression to the final. While the Gunners basked in a historic night at the Emirates, the Manchester United legend was far from impressed with the exuberant scenes in north London.",Goal.com,en,https://www.goal.com/en/en/lists/wayne-rooney-blasts-mikel-arteta-and-arsenal-for-over-celebrating-champions-league-final-berth-arsene-wenger-sends-warning/blt095ab16d4eebac8f,2026-05-06,,,0
"AFPD. SimeoneArsenalSimeone hails Arsenal's 'incredible power' after Atleti's UCL exitDiego Simeone has heaped praise on Arsenal’s ""incredible power"" after seeing his Atletico Madrid side knocked out of the Champions League at the semi-final stage. Despite a controversial penalty incident involving Antoine Griezmann, the Argentine tactician refused to blame the officials for his side's narrow second-leg defeat at the Emirates.",Goal.com,en,https://www.goal.com/en/en/lists/diego-simeone-hails-arsenal-s-incredible-power-as-atletico-madrid-boss-refuses-to-make-excuses-for-champions-league-exit/blt3258aff73ce9c6be,2026-05-06,,,0
Getty ImagesBundesligaTransfersFC Bayern has initiated the next step toward a major transferFC Bayern have reportedly intensified their pursuit of Newcastle United winger Anthony Gordon.,Goal.com,en,https://www.goal.com/en/en/lists/dream-signing-is-a-must-fc-bayern-are-reportedly-advancing-to-the-next-phase-of-a-major-transfer/blt68bf05d80280b65c,2026-05-06,,,0
"Getty Images SportBarcelonaA. GordonDeco meets with Gordon's agent as Barca join Bayern in transfer raceBarcelona have entered the race to sign Newcastle United winger Anthony Gordon. The Catalan club are desperately seeking a dynamic forward to bolster their attack ahead of the summer transfer window. Sporting director Deco has already held discussions with the player's representatives in Catalonia, but Bayern Munich remain strong rivals in the battle for his signature.",Goal.com,en,https://www.goal.com/en/en/lists/barcelona-join-anthony-gordon-pursuitsporting-director-deco-meets-newcastle-star-agent-amid-bayern-munich-links/bltf31a5384a6687438,2026-05-06,,,0
Getty/GOALPower rankingsA. PutellasBallon d'Or Feminin: Russo's hopes fade after UWCL exitAitana Bonmati has won each of the last three Ballons d'Or Feminin - but the accolade will go to someone else in 2026. Will it be two-time winner and fellow Barcelona star Alexia Putellas who reasserts herself as the best player in the women's game? Or could there be a new name on the honour roll when the Golden Ball is handed out in Paris in October?,Goal.com,en,https://www.goal.com/en/en/lists/ballon-dor-feminin-2026-power-rankings/blt74d90836419097ec,2026-05-06,,,0
Getty/GOALUSAWomen's Champions LeagueWhich USWNT players have won the Champions League?Plenty of American stars have played in Europe's premier competition but those who have won it make up quite an exclusive club,Goal.com,en,https://www.goal.com/en/en/news/uswnt-uefa-womens-champions-league-winners/bltd324d8dd32e1e0ad,2026-05-06,,,0
"Getty ImagesBundesligaUp to 800 million euros: the Women's Bundesliga is set to invest heavilyAfter talks with the DFB collapsed, the Women's Bundesliga is poised to secure its future with substantial investment.",Goal.com,en,https://www.goal.com/en/en/lists/up-to-800-million-euros-the-women-s-bundesliga-is-planning-massive-investments/blt14bb6b1c0a67d623,2026-05-06,,,0
"Getty Images/GOALWomen's Champions LeagueBarcelonaPutellas stars & Bonmati returns as Barca reach UWCL finalBarcelona will face Lyon in the Women's Champions League final after beating Bayern Munich 4-2 on Sunday, for a 5-3 win on aggregate in the semi-finals. The German champions gave the three-time winners a tough match last week but the Catalans asserted their authority at Camp Nou, as goals from Salma Paralluelo, Ewa Pajor and an Alexia Putellas brace set up a fourth UWCL final between Barca and Lyon.",Goal.com,en,https://www.goal.com/en/en/lists/barcelona-beat-bayern-munich-womens-champions-league-final-lyon-alexia-putellas-aitana-bonmati/bltcf5b84db8ffbace1,2026-05-06,,,0
Getty Images SportWomen's Champions LeagueBarcelona vs Bayern MunichBarca has to step in with a kit! A crazy mishap at FC BayernBayern Munich goalkeeper Ena Mahmutovic caught the eye with her unusual playing kit during the Champions League semi-final second leg against FC Barcelona.,Goal.com,en,https://www.goal.com/en/en/lists/the-opposition-must-provide-her-with-a-shirt-a-bizarre-blunder-by-fc-bayern-in-their-champions-league-clash-against-barcelona/blt2ba609062b4d5793,2026-05-06,,,0
"GOALWolverhampton WanderersM. ManeWhy Man Utd & Liverpool are linked with Wolves' wonderkidWolves won't be in the Premier League next season - but Matheus Mane really should be. The 18-year-old has arguably been the one ray of optimism amid the gloom surrounding a team that's been pretty much doomed to relegation since Christmas. Indeed, one could easily argue that when it comes to Wolves' 2025-26 campaign, there was a before Mane, and and after Mane.",Goal.com,en,https://www.goal.com/en/en/lists/mateus-mane-manchester-united-liverpool-linked-wolves-teenage-sensation/blt8c03977de9662069,2026-05-06,,,0
"Getty/GOALFK Crvena ZvezdaV. KostovWhy Arsenal, Barca & more want Serbia's teen sensationAt just 17 years of age, Vasilije Kostov is rewriting the record books at the highest level of Serbian football. The latest jewel to emerge from Red Star Belgrade's famed academy, the attacking midfielder is defying all logic as he puts Europe's elite on red alert with a stellar individual campaign for his country's biggest club.",Goal.com,en,https://www.goal.com/en/en/lists/vasilije-kostov-serbian-teen-sensation-arsenal-barcelona/bltbf0e4b2fb55f7c66,2026-05-06,,,0
Sports Illustrated FC,90min,en,https://si.com/soccer,2026-05-06,,,0
Sports Illustrated Fútbol,90min,en,https://si.com/es-us/futbol,2026-05-06,,,0
90min France,90min,en,https://90min.com/fr,2026-05-06,,,0
90min Deutschland,90min,en,https://90min.de,2026-05-06,,,0
90min Brasil,90min,en,https://90min.com/pt-br,2026-05-06,,,0
90min Italia,90min,en,https://90min.com/it,2026-05-06,,,0
Fri01/05/2026Leeds3:1Burnley,Transfermarkt,en,https://www.transfermarkt.com/aktuell/waspassiertheute/aktuell/new/datum/2026-05-01,2026-05-06,,,0
Sat02/05/2026Brentford3:0West Ham,Transfermarkt,en,https://www.transfermarkt.com/aktuell/waspassiertheute/aktuell/new/datum/2026-05-02,2026-05-06,,,0
Newcastle3:1Brighton,Transfermarkt,en,https://www.transfermarkt.com/forum/detail/forum/195,2026-05-06,,,0
Wolves1:1Sunderland,Transfermarkt,en,https://www.transfermarkt.com/forum/detail/forum/118,2026-05-06,,,0
Arsenal3:0Fulham,Transfermarkt,en,https://www.transfermarkt.com/forum/detail/forum/190,2026-05-06,,,0
Sun03/05/2026Bournemouth3:0Crystal Palace,Transfermarkt,en,https://www.transfermarkt.com/aktuell/waspassiertheute/aktuell/new/datum/2026-05-03,Bournemout,,,0
Man Utd3:2Liverpool,Transfermarkt,en,https://www.transfermarkt.com/forum/detail/forum/188,2026-05-06,,,0
Aston Villa1:2Tottenham,Transfermarkt,en,https://www.transfermarkt.com/forum/detail/forum/194,2026-05-06,,,0
Mon04/05/2026Chelsea1:3Nott'm Forest,Transfermarkt,en,https://www.transfermarkt.com/aktuell/waspassiertheute/aktuell/new/datum/2026-05-04,2026-05-06,,,0
Everton3:3Man City,Transfermarkt,en,https://www.transfermarkt.com/forum/detail/forum/193,2026-05-06,,,0
Fri01/05/2026Girona0:1RCD Mallorca,Transfermarkt,en,https://www.transfermarkt.com/aktuell/waspassiertheute/aktuell/new/datum/2026-05-01,Girona,,,0
Sat02/05/2026Villarreal5:1Levante,Transfermarkt,en,https://www.transfermarkt.com/aktuell/waspassiertheute/aktuell/new/datum/2026-05-02,2026-05-06,,,0
Valencia0:2Atlético,Transfermarkt,en,https://www.transfermarkt.com/forum/detail/forum/416,2026-05-06,,,0
Alavés2:4Athletic Club,Transfermarkt,en,https://www.transfermarkt.com/deportivo-alaves/startseite/verein/1108,Alavés,,,0
CA Osasuna1:2Barcelona,Transfermarkt,en,https://www.transfermarkt.com/ca-osasuna/startseite/verein/331,CA Osasuna,,,0
Sun03/05/2026Celta de Vigo3:1Elche CF,Transfermarkt,en,https://www.transfermarkt.com/aktuell/waspassiertheute/aktuell/new/datum/2026-05-03,2026-05-06,,,0
Getafe0:2Rayo Vallecano,Transfermarkt,en,https://www.transfermarkt.com/fc-getafe/startseite/verein/3709,Getafe,,,0
Real Betis3:0Real Oviedo,Transfermarkt,en,https://www.transfermarkt.com/forum/detail/forum/426,2026-05-06,,,0
Espanyol0:2Real Madrid,Transfermarkt,en,https://www.transfermarkt.com/espanyol-barcelona/startseite/verein/714,Espanyol,,,0
Mon04/05/2026Sevilla FC1:0Real Sociedad,Transfermarkt,en,https://www.transfermarkt.com/aktuell/waspassiertheute/aktuell/new/datum/2026-05-04,2026-05-06,,,0
Fri01/05/2026Pisa1:2Lecce,Transfermarkt,en,https://www.transfermarkt.com/aktuell/waspassiertheute/aktuell/new/datum/2026-05-01,Pisa,,,0
Sat02/05/2026Udinese2:0Torino,Transfermarkt,en,https://www.transfermarkt.com/aktuell/waspassiertheute/aktuell/new/datum/2026-05-02,Udinese,,,0
"Стилиян Петров с емоционално видео за ""Мача на Надеждата""6 май | 10:364240ЦСКА уреди защитник на Лудогорец?6 май | 09:2942316Симеоне пак показа буйния си нрав, налетя на бившия си спортен директор6 май | 10:1025813Кливланд катастрофира в Детройт, Хардън пое отговорност за загубата6 май | 09:0621580Гоф, Швьонтек и други топ тенисистки подкрепят Сабаленка и обмислят бойкот6 май | 10:255090Арсенал изравни клубен рекорд6 май | 02:1543500За 17 години в Испания Гризман не спечели нито Ла Лига, нито ШЛ6 май | 04:4246598Ноа Лайлс и Гаут Гаут се изправят един срещу друг за първи път6 май | 10:174450Диего Симеоне: Стигнахме много по-далеч, отколкото очаквахме6 май | 01:11399115Атлетико остана без трофей за пета поредна година6 май | 00:0932225",Sportal,en,https://sportal.bg/news-2026050607361559314,2026-05-06,,,0
"Историческо! Арсенал счупи прокобата и 20 години по-късно отново е на финал5 май | 23:5953801373Голмайсторът на Втора лига напуска ЦСКА5 май | 13:254127050Западноевропейски клубове ""душат"" за Веласкес, обяви британец5 май | 11:523775676Локо (София) проспа първите минути, но успя да се събуди след почивката срещу Ботев (Враца)5 май | 21:553433472Найденов се развихри с нов съдийски анализ - черешката на тортата била на ""Герена"", нарече ЦСКА с име на улица5 май | 12:443311084Напрежението се покачва: феновете събраха над 100 хиляди подписа за изгонването на Мбапе5 май | 19:002927069Край! Билетите за Левски - Лудогорец свършиха5 май | 14:5928981199Берое и Монтана изиграха страхотен мач, но не се победиха5 май | 19:232731433Колосална опашка за ""златен"" билет на ""Герена""5 май | 10:492322877Ето я метростанция ""Стадион Георги Аспарухов""5 май | 14:031856645",Sportal,en,https://sportal.bg/news-2026050518025150206,2026-05-06,,,0
"Историческо! Арсенал счупи прокобата и 20 години по-късно отново е на финал5 май | 23:5953801373Найденов се развихри с нов съдийски анализ - черешката на тортата била на ""Герена"", нарече ЦСКА с име на улица5 май | 12:443311084Западноевропейски клубове ""душат"" за Веласкес, обяви британец5 май | 11:523775676Локо (София) проспа първите минути, но успя да се събуди след почивката срещу Ботев (Враца)5 май | 21:553433472Напрежението се покачва: феновете събраха над 100 хиляди подписа за изгонването на Мбапе5 май | 19:002927069Голмайсторът на Втора лига напуска ЦСКА5 май | 13:254127050Веласкес сложи край на дългото пътуване на Левски през пустинята, горди са в родния му край5 май | 12:021442346Ето я метростанция ""Стадион Георги Аспарухов""5 май | 14:031856645Берое и Монтана изиграха страхотен мач, но не се победиха5 май | 19:232731433Драма с билетите за финала - ЦСКА и Локо (Пловдив) не могат да се разберат6 май | 10:20548221",Sportal,en,https://sportal.bg/news-2026050518025150206,2026-05-06,,,0
"Лека атлетикаДейвис-Уудхол с впечатляващи умения над препятствията6 май | 10:431090Футбол святНаполи възнамерява да задържи Хойлунд6 май | 10:302420ВолейболВладо Николов: Дадох 13 години от живота си на Левски, но клубът остава в сигурни ръце6 май | 10:104620Лека атлетикаГеорги Петков: Искам да имам голям успех с щафетата6 май | 10:072690БГ ФутболДарителската кампания в подкрепа на Васко Боев продължава6 май | 09:149630ТенисКолега на Новак Джокович: Защо да не спечели 25-и Голям шлем? Никой не бива да го подценява!6 май | 08:459370Футбол святКонте е пред раздяла с Наполи6 май | 06:3526223Футбол святОблак: Съжалявам за Гризман и феновете ни6 май | 06:1739011Футбол святАрсенал продължи впечатляващата си серия срещу испански отбори в ШЛ6 май | 05:5024211Футбол святДжулиано: Решенията на съдията не бяха в наша полза6 май | 05:2619977Футбол святЛукаку е в Неапол, но тренира отделно от отбора6 май | 05:0421111Футбол святИталианските грандове ще наддават за халф на Сасуоло6 май | 04:1926240Футбол святВ Милан съжаляват, че са изпуснали Мален6 май | 03:5324220Футбол святОт Юве още не са се срещнали с Левандовски6 май | 03:2718260",Sportal,en,https://sportal.bg/news-2026050607430571654,2026-05-06,,,0
"Историческо! Арсенал счупи прокобата и 20 години по-късно отново е на финал5 май | 23:5953801373Артета: Чакахме дълго този финал6 май | 00:5045244Арсенал изравни клубен рекорд6 май | 02:1543500Арсенал продължи впечатляващата си серия срещу испански отбори в ШЛ6 май | 05:5024211Сака: Надявам се тази прекрасна история да има щастлив финал в Будапеща6 май | 03:0126832Райс: Феновете ни вдъхновиха и ни дадоха енергия6 май | 01:2537403Виж
                        всички новиниКласиранеПрограма",Sportal,en,https://sportal.bg/news-2026050518025150206,2026-05-06,,,0
"И Лили Иванова ликува с титлата на Левски3 май | 08:38922218Уанда Нара пак показа пищното с деколте3 май | 12:1891436Левски празнува с феновете на голям купон в столично заведение3 май | 04:211936428“Ергенско” присъствие в Ботевград за Апоел – Реал Мадрид5 май | 19:3931362Гери-Никол изкушава под душа3 май | 17:05962411Инфлуенсър се фука с топ тяло от плажа3 май | 14:0076876Спортна журналистка е в изумителна форма, дори с наедряло коремче3 май | 12:2561423Този човек знае как да живее: Ето къде отиде Йокич веднага след отпадането на Денвър от плейофите на НБА4 май | 16:4444251Виж всички новини",Sportal,en,https://sportal.bg/news-2026050305384303802,2026-05-06,,,0
15Други спортовеНай-добрите снимки за месец април на Sportal.bg5 май | 21:582836628БГ ФутболЛокомотив (София) 2:2 Ботев (Враца)5 май | 21:22730019БГ ФутболАпоел Тел Авив 76:69 Реал Мадрид I5 май | 21:08285034БаскетболАпоел Тел Авив : Реал Мадрид II5 май | 17:161062010БГ ФутболРеал Мадрид пристигат в България за мач срещу Апоел Тел Авив4 май | 19:461428055ВолейболНефтохимик 2-3 Левски4 май | 12:122631024БГ ФутболЦСКА 1:0 Лудогорец3 май | 19:152831026БГ ФутболБотев (Пловдив) 0:2 Локомотив (Пловдив)3 май | 17:253156052БГ ФутболЛевски 1:0 ЦСКА 19482 май | 21:5137518017БГ ФутболСептември 1:1 Монтана1 май | 17:5714850,Sportal,en,https://sportal.bg/gallery-2026043008530644638,15,,,0
Mes équipes OneFootball,OneFootball,en,https://www.instagram.com/onefootball,2026-05-06,,,0
Liens rapides,OneFootball,en,https://onefootball.com/fr/matchs,2026-05-06,,,0
À propos de nous,OneFootball,en,https://company.onefootball.com/,2026-05-06,,,0
Faites équipe avec nous,OneFootball,en,https://company.onefootball.com/sales,2026-05-06,,,0
Mentions légales,OneFootball,en,https://static.onefootball.com/legal/imprint/fr,2026-05-06,,,0
PLUS ONEFOOTBALL,OneFootball,en,https://app.adjust.com/bw5oxho?idfa={idfa},2026-05-06,,,0
