title,source,lang,url,date,resume,category,credibility,image_url,image_caption,resume
كارلسكرونا10:4521-03Osters IF,Hesport,ar,https://www.hesport.com/sports/match/%d9%83%d8%a7%d8%b1%d9%84%d8%b3%d9%83%d8%b1%d9%88%d9%86%d8%a7-vs-osters-if-10023851,10:45,,Autre,3,,,
أوديفولد11:0021-03Utsikten,Hesport,ar,https://www.hesport.com/sports/match/%d8%a3%d9%88%d8%af%d9%8a%d9%81%d9%88%d9%84%d8%af-vs-utsikten-10022963,11:00,,Autre,3,,,
IK brage11:0021-03gefle IF,Hesport,ar,https://www.hesport.com/sports/match/ik-brage-vs-gefle-if-10024405,11:00,,Autre,3,,,
AC Oulu11:0021-03SJK Akatemia,Hesport,ar,https://www.hesport.com/sports/match/ac-oulu-vs-sjk-akatemia-10026944,11:00,,Autre,3,,,
HJK helsinki11:0021-03سيناجوكي,Hesport,ar,https://www.hesport.com/sports/match/hjk-helsinki-vs-%d8%b3%d9%8a%d9%86%d8%a7%d8%ac%d9%88%d9%83%d9%8a-10026946,11:00,,Autre,3,,,
أوسانه11:3021-03hodd,Hesport,ar,https://www.hesport.com/sports/match/%d8%a3%d9%88%d8%b3%d8%a7%d9%86%d9%87-vs-hodd-10023850,11:30,,Autre,3,,,
هلسنبورج12:0021-03trelleborgs FF,Hesport,ar,https://www.hesport.com/sports/match/%d9%87%d9%84%d8%b3%d9%86%d8%a8%d9%88%d8%b1%d8%ac-vs-trelleborgs-ff-10022961,12:00,,Autre,3,,,
سوندال12:0021-03راوفوس,Hesport,ar,https://www.hesport.com/sports/match/%d8%b3%d9%88%d9%86%d8%af%d8%a7%d9%84-vs-%d8%b1%d8%a7%d9%88%d9%81%d9%88%d8%b3-10022964,12:00,,Autre,3,,,
Varbergs BoIS FC12:0021-03يونكوبينجز,Hesport,ar,https://www.hesport.com/sports/match/varbergs-bois-fc-vs-%d9%8a%d9%88%d9%86%d9%83%d9%88%d8%a8%d9%8a%d9%86%d8%ac%d8%b2-10022965,12:00,,Autre,3,,,
Tvååker12:0021-03Torslanda,Hesport,ar,https://www.hesport.com/sports/match/tvaaker-vs-torslanda-10022966,12:00,,Autre,3,,,
Olympic12:0021-03Lindome,Hesport,ar,https://www.hesport.com/sports/match/olympic-vs-lindome-10022967,12:00,,Autre,3,,,
Laholm12:0021-03Torns,Hesport,ar,https://www.hesport.com/sports/match/laholm-vs-torns-10022968,12:00,,Autre,3,,,
IFK Trelleborg12:0021-03Rosengård,Hesport,ar,https://www.hesport.com/sports/match/ifk-trelleborg-vs-rosengard-10022969,12:00,,Autre,3,,,
Ariana12:0021-03Åstorp,Hesport,ar,https://www.hesport.com/sports/match/ariana-vs-astorp-10022970,12:00,,Autre,3,,,
Kooteepee12:0021-03يوفاسكولا,Hesport,ar,https://www.hesport.com/sports/match/kooteepee-vs-%d9%8a%d9%88%d9%81%d8%a7%d8%b3%d9%83%d9%88%d9%84%d8%a7-10023129,12:00,,Autre,3,,,
IF Elfsborg12:0021-03Mjallby AIF,Hesport,ar,https://www.hesport.com/sports/match/if-elfsborg-vs-mjallby-aif-10024065,12:00,,Autre,3,,,
Eskilsminne12:0021-03كريستيان ستادس,Hesport,ar,https://www.hesport.com/sports/match/eskilsminne-vs-%d9%83%d8%b1%d9%8a%d8%b3%d8%aa%d9%8a%d8%a7%d9%86-%d8%b3%d8%aa%d8%a7%d8%af%d8%b3-10024406,12:00,,Autre,3,,,
IF Karlstad12:0021-03شخوفدى أيك,Hesport,ar,https://www.hesport.com/sports/match/if-karlstad-vs-%d8%b4%d8%ae%d9%88%d9%81%d8%af%d9%89-%d8%a3%d9%8a%d9%83-10024407,12:00,,Autre,3,,,
لوندس12:0021-03Angelholms FF,Hesport,ar,https://www.hesport.com/sports/match/%d9%84%d9%88%d9%86%d8%af%d8%b3-vs-angelholms-ff-10024408,12:00,,Autre,3,,,
غنيستان12:0021-03PK-35,Hesport,ar,https://www.hesport.com/sports/match/%d8%ba%d9%86%d9%8a%d8%b3%d8%aa%d8%a7%d9%86-vs-pk-35-10026945,12:00,,Autre,3,,,
Les articles populaires,Le360 Sport,ar,,2026-03-21,,Autre,3,https://upload.wikimedia.org/wikipedia/commons/thumb/f/fb/Fatima_Ouassak.png/800px-Fatima_Ouassak.png,عالمة اجتماع وعالمة سياسة وناشطة فرنسية,
آخر الأخبار,Kooora,ar,,2026-03-21,,Autre,4,https://upload.wikimedia.org/wikipedia/commons/5/51/Premier_dr._Golob_na_uradnem_in_prijateljskem_obisku_v_Ljudski_demokrati%C4%8Dni_republiki_Al%C5%BEiriji_%2853750002104%29_portrait.jpg,homme d'État algérien,
الأكثر رواجًا,Kooora,ar,,2026-03-21,,Autre,4,https://upload.wikimedia.org/wikipedia/commons/thumb/8/8f/Palestine_breakfast.jpg/800px-Palestine_breakfast.jpg,,
YallaGoal - يلاجول,Kooora,ar,,2026-03-21,,Football,4,,,
أخبار دوري أبطال أوروبا,Kooora,ar,,2026-03-21,,Football,4,https://upload.wikimedia.org/wikipedia/commons/thumb/6/67/Cristiano_Ronaldo_2275_%28cropped%29.jpg/800px-Cristiano_Ronaldo_2275_%28cropped%29.jpg,لاعب كرة قدم برتغالي (مواليد 1985),
أخبار السعودية,Kooora,ar,,2026-03-21,,Autre,4,https://upload.wikimedia.org/wikipedia/commons/thumb/e/e0/Al-Arabiya_new_logo.svg/langar-330px-Al-Arabiya_new_logo.svg.png,قناة تلفزيونية سعودية عالمية,
أخبار الدوري الإنجليزي,Kooora,ar,,2026-03-21,,Football,4,https://upload.wikimedia.org/wikipedia/ar/thumb/7/72/Premier_league_logo.svg/langar-330px-Premier_league_logo.svg.png,دوري كرة قدم في انجلترا,
أخبار الدوري الإسباني,Kooora,ar,,2026-03-21,,Football,4,https://upload.wikimedia.org/wikipedia/commons/thumb/d/d2/Primera_Federaci%C3%B3n.svg/langar-330px-Primera_Federaci%C3%B3n.svg.png,,
أخبار المغرب,Kooora,ar,,2026-03-21,,Football,4,https://upload.wikimedia.org/wikipedia/commons/thumb/2/2c/Flag_of_Morocco.svg/langar-330px-Flag_of_Morocco.svg.png,دولة في شمال إفريقيا,
تقارير ومقالات,Kooora,ar,,2026-03-21,,Autre,4,https://upload.wikimedia.org/wikipedia/commons/thumb/e/ec/Seyyed-mostafa_khomeini.jpg/800px-Seyyed-mostafa_khomeini.jpg,موظف ديني إيراني,
استطلاع يلاكورة,Yalla Kora,ar,,2026-03-21,,Autre,4,,,
من يتأهل لنصف نهائي دوري أبطال أفريقيا؟,Yalla Kora,ar,,2026-03-21,,Autre,4,https://upload.wikimedia.org/wikipedia/ar/thumb/e/eb/Logo_Etoile_du_Sahel.svg/langar-330px-Logo_Etoile_du_Sahel.svg.png,نادي رياضي تونسي تأسس سنة 1925 بمدينة سوسة,
ريلز يلاكورة,Yalla Kora,ar,https://www.yallakora.com/reels-listing/%d8%b1%d9%8a%d9%84%d8%b2-%d9%8a%d9%84%d8%a7%d9%83%d9%88%d8%b1%d8%a9,2026-03-21,,Autre,4,,,"من الليجا لمنتخب مصر.. هيثم حسن مفاجأة ""الفراعنة"" لكأس العالم"
إحصائيات دوري أبطال أفريقيا,Yalla Kora,ar,https://www.yallakora.com/tour/87/%d8%af%d9%88%d8%b1%d9%8a-%d8%a3%d8%a8%d8%b7%d8%a7%d9%84-%d8%a3%d9%81%d8%b1%d9%8a%d9%82%d9%8a%d8%a7#HPStatsClipScorers,2026-03-21,,Autre,4,https://upload.wikimedia.org/wikipedia/en/thumb/b/bd/Raja_CA_logo.png/800px-Raja_CA_logo.png,"Sports club in Casablanca, Morocco",تغييران في الوسط والهجوم.. كيف يفكر توروب قبل مواجهة الأهلي أمام الترجي؟
قائمة صانعي الأهداف,Yalla Kora,ar,,2026-03-21,,Football,4,https://upload.wikimedia.org/wikipedia/commons/thumb/f/f5/Inside_the_Millennium_Stadium%2C_Cardiff.jpg/800px-Inside_the_Millennium_Stadium%2C_Cardiff.jpg,النسخة الثانية والستون من دوري أبطال أوروبا,
المباريات القادمة,Yalla Kora,ar,,2026-03-21,,Autre,4,https://upload.wikimedia.org/wikipedia/commons/thumb/e/e5/Pusk%C3%A1s_Ar%C3%A9na_05.jpg/800px-Pusk%C3%A1s_Ar%C3%A9na_05.jpg,,
أزمات لا تنتهي.. أسباب إيقاف قيد الزمالك في 13 قضية,Yalla Kora,ar,https://www.yallakora.com/egyptian-league/2977/news/544964/-%d8%a3%d8%b2%d9%85%d8%a7%d8%aa-%d9%84%d8%a7-%d8%aa%d9%86%d8%aa%d9%87%d9%8a-%d8%a3%d8%b3%d8%a8%d8%a7%d8%a8-%d8%a5%d9%8a%d9%82%d8%a7%d9%81-%d9%82%d9%8a%d8%af-%d8%a7%d9%84%d8%b2%d9%85%d8%a7%d9%84%d9%83-%d9%81%d9%8a-13-%d9%82%d8%b6%d9%8a%d8%a9#HP_Reports,2026-03-21,,Autre,4,https://upload.wikimedia.org/wikipedia/ar/thumb/e/ec/Zamalek_Logo.svg/langar-330px-Zamalek_Logo.svg.png,نادي رياضي مصري,"تعرض الفريق الأول لكرة القدم بنادي الزمالك إلى عقوبة إيقاف قيد جديد من جانب الاتحاد الدولي ""فيفا""، ليصبح رصيد القضايا (13)."
في ميزان 3 أندية.. التعادل يطغى على مسيرة توروب مع الأهلي (أرقام),Yalla Kora,ar,https://www.yallakora.com/african-champions-league/2965/news/544869/%d9%81%d9%8a-%d9%85%d9%8a%d8%b2%d8%a7%d9%86-3-%d8%a3%d9%86%d8%af%d9%8a%d8%a9-%d8%a7%d9%84%d8%aa%d8%b9%d8%a7%d8%af%d9%84-%d9%8a%d8%b7%d8%ba%d9%89-%d8%b9%d9%84%d9%89-%d9%85%d8%b3%d9%8a%d8%b1%d8%a9-%d8%aa%d9%88%d8%b1%d9%88%d8%a8-%d9%85%d8%b9-%d8%a7%d9%84%d8%a3%d9%87%d9%84%d9%8a-%d8%a3%d8%b1%d9%82%d8%a7%d9%85-#HP_Reports,2026-03-21,,Autre,4,,,تتواصل رحلة الدنماركي ييس توروب، المدير الفني لفريق الأهلي، الذي يستعد لخوض مباراة قد تكون مصيرية في مشواره أمام الترجي التونسي، ضمن منافسات بطولة دوري أبطال أفريقيا.
بنشرقي وزيزو وبن رمضان.. نجوم يبحثون عن الهدف الأفريقي الأول مع الأهلي,Yalla Kora,ar,https://www.yallakora.com/african-champions-league/2965/news/544851/-%d8%a8%d9%86%d8%b4%d8%b1%d9%82%d9%8a-%d9%88%d8%b2%d9%8a%d8%b2%d9%88-%d9%88%d8%a8%d9%86-%d8%b1%d9%85%d8%b6%d8%a7%d9%86-%d9%86%d8%ac%d9%88%d9%85-%d9%8a%d8%a8%d8%ad%d8%ab%d9%88%d9%86-%d8%b9%d9%86-%d8%a7%d9%84%d9%87%d8%af%d9%81-%d8%a7%d9%84%d8%a3%d9%81%d8%b1%d9%8a%d9%82%d9%8a-%d8%a7%d9%84%d8%a3%d9%88%d9%84-%d9%85%d8%b9-%d8%a7%d9%84%d8%a3%d9%87%d9%84%d9%8a#HP_Reports,2026-03-21,,Football,4,,,"يخوض الفريق الأول لكرة القدم بالنادي الأهلي مباراته الأهم في الموسم الحالي ""2025-2026"" عندما يلتقي مع الترجي التونسي بدوري أبطال أفريقيا."
صدام صلاح ونهائي أرسنال.. ماذا ينتظر مرموش مع مان سيتي بعد وداع الأبطال؟,Yalla Kora,ar,https://www.yallakora.com/epl/2968/news/544867/-%d8%b5%d8%af%d8%a7%d9%85-%d8%b5%d9%84%d8%a7%d8%ad-%d9%88%d9%86%d9%87%d8%a7%d8%a6%d9%8a-%d8%a3%d8%b1%d8%b3%d9%86%d8%a7%d9%84-%d9%85%d8%a7%d8%b0%d8%a7-%d9%8a%d9%86%d8%aa%d8%b8%d8%b1-%d9%85%d8%b1%d9%85%d9%88%d8%b4-%d9%85%d8%b9-%d9%85%d8%a7%d9%86-%d8%b3%d9%8a%d8%aa%d9%8a-%d8%a8%d8%b9%d8%af-%d9%88%d8%af%d8%a7%d8%b9-%d8%a7%d9%84%d8%a3%d8%a8%d8%b7%d8%a7%d9%84-#HP_Reports,2026-03-21,,Autre,4,,,ينتظر النجم المصري عمر مرموش مواجهات مثيرة وصعبة مع مانشستر سيتي بعد وداع بطولة دوري أبطال أوروبا.
"""لن تسير وحدك أبدًا"".. الأرقام القياسية لا تترك محمد صلاح",Yalla Kora,ar,https://www.yallakora.com/epl/2968/news/544838/-%d9%84%d9%86-%d8%aa%d8%b3%d9%8a%d8%b1-%d9%88%d8%ad%d8%af%d9%83-%d8%a3%d8%a8%d8%af-%d8%a7-%d8%a7%d9%84%d8%a3%d8%b1%d9%82%d8%a7%d9%85-%d8%a7%d9%84%d9%82%d9%8a%d8%a7%d8%b3%d9%8a%d8%a9-%d9%84%d8%a7-%d8%aa%d8%aa%d8%b1%d9%83-%d9%85%d8%ad%d9%85%d8%af-%d8%b5%d9%84%d8%a7%d8%ad#HP_Reports,2026-03-21,,Autre,4,,,لا يهدأ النجم المصري محمد صلاح جناح نادي ليفربول عن تسجيل وتحطيم الأرقام القياسية حتى في أقل مواسمه التهديفية.
Soutien à Christophe GleizesDétenu en Algérie pour y avoir exercé son métier,L'Équipe,fr,https://www.lequipe.fr/Medias/Actualites/L-edito-de-l-equipe-christophe-gleizes-a-plus-que-jamais-besoin-de-soutien-et-d-un-geste-d-humanite/1617521,2026-03-21,,Autre,5,https://upload.wikimedia.org/wikipedia/commons/thumb/8/80/Rene-guenon-1925.jpg/800px-Rene-guenon-1925.jpg,ésotériste et philosophe orientaliste français,"Depuis trop longtemps, Christophe Gleizes est privé de liberté. Pour le simple fait d'avoir exercé sa profession. Et c'est chaque jour plus insupportable de l'imaginer dans sa geôle de Tizi-Ouzou, où, apprenait-on il y a quelques jours, il tente de se réfugier dans l'écriture, en consacrant notammen…"
"DocumentaireDenoueix, le jeu avant le je",L'Équipe,fr,https://www.lequipe.fr/explore/video/l-equipe-explore-documentaire-denoueix-le-jeu-avant-le-je/20227780,2026-03-21,,Autre,5,,,"Architecte du jeu à la nantaise, formateur visionnaire du FC Nantes puis entraîneur à succès en France et en Espagne, Raynald Denoueix a marqué plusieurs générations de joueurs et de techniciens (Didier Deschamps, Xabi Alonso, Pierre Sage...)."
Quiz sportÊtes-vous un vrai fan de sport ?,L'Équipe,fr,https://www.lequipe.fr/jeux/dix-sur-dix,2026-03-21,,Autre,5,https://upload.wikimedia.org/wikipedia/fr/thumb/2/2c/Inspectorgadget1983.gif/800px-Inspectorgadget1983.gif,série de dessin animé,"Plongez dans l’univers du sport de manière ludique et interactive avec notre toute nouvelle plateforme dédiée aux jeux de sports. Chaque jour, relevez de nouveaux défis et testez vos connaissances grâce à notre quiz sportif composé de 10 questions inédites."
"Foot,Ligue 1,27e journéeLa fête à la maisonLensAngers51—La 27e journée—Le classement",L'Équipe,fr,https://www.lequipe.fr/Football/Actualites/Lens-fait-le-spectacle-contre-angers-grace-a-ses-tauliers-et-reprend-provisoirement-la-tete-de-la-ligue-1/1661279,2026-03-21,,Football,5,,,"Un Florian Thauvin de gala, auteur de l'ouverture du score (1-0, 13e) avant de délivrer deux galettes pour Odsonne Édouard (2-0, 25e ; 4-0, 48e), un Adrien Thomasson qui a conforté sa place de meilleur passeur de Ligue 1 avec une offrande pour Mamadou Sangaré (3-0, 40e) et un Matthieu Udol, deuxième…"
—La 27e journée,L'Équipe,fr,https://www.lequipe.fr/Football/ligue-1/page-calendrier-resultats,2026-03-21,,Autre,5,https://upload.wikimedia.org/wikipedia/fr/thumb/3/3c/Logo_Ligue_1_Uber_Eats_2022.svg/langfr-330px-Logo_Ligue_1_Uber_Eats_2022.svg.png,85e édition du championnat de France de football masculin,
—Le classement,L'Équipe,fr,https://www.lequipe.fr/Football/ligue-1/page-classement-equipes/general,2026-03-21,,Autre,5,https://upload.wikimedia.org/wikipedia/commons/thumb/6/6c/Tournoi_d%27%C3%A9chec.JPG/800px-Tournoi_d%27%C3%A9chec.JPG,classement de participants à un jeu à somme nulle tel les échecs,
"Foot,Ligue 1Pourquoi l'éventuel report de Lens-PSG est un casse-tête—Sage : «De base, on n'est pas d'accord»",L'Équipe,fr,https://www.lequipe.fr/Football/Actualites/Le-casse-tete-du-report-de-lens-psg-coince-entre-les-deux-manches-des-quarts-de-finale-de-la-ligue-des-champions/1661209,2026-03-21,,Football,5,,,"À la veille du match à Nice ce samedi (21h05), Luis Enrique a traduit les doutes du club sur l'opportunité de demander le report de Lens-PSG du 11 avril, coincé entre les deux quarts de finale de Ligue des champions face à Liverpool, les 8 et 14 avril. « Je dois encore attendre des nouvelles, a expl…"
"—Sage : «De base, on n'est pas d'accord»",L'Équipe,fr,https://www.lequipe.fr/Football/Actualites/L-entraineur-lensois-pierre-sage-sur-un-eventuel-report-de-lens-psg-nous-de-base-on-n-est-pas-d-accord/1661302,2026-03-21,,Autre,5,https://upload.wikimedia.org/wikipedia/commons/thumb/f/fb/Animal_Farm_-_1st_edition.jpg/800px-Animal_Farm_-_1st_edition.jpg,roman de George Orwell,"Lens-PSG, possible match du titre de la Ligue 1, aura-t-il bien lieu à la date initialement prévue, soit le 11 avril ? Pour rappel, le club de la capitale doit affronter Liverpool les 8 et 14 avril en quarts de finale de la Ligue des champions, et pourrait demander, comme pour PSG-Nantes, un report."
"Foot,MonacoPogba, les deux semaines qui peuvent tout changer",L'Équipe,fr,https://www.lequipe.fr/Football/Article/La-treve-internationale-comme-juge-de-paix-paul-pogba-les-deux-semaines-qui-peuvent-tout-changer/1661269,2026-03-21,,Football,5,https://upload.wikimedia.org/wikipedia/commons/thumb/0/05/Ofrenda_de_la_Liga_y_la_Champions-13-L.Mill%C3%A1n_%2852109790215%29_%28cropped%29.jpg/800px-Ofrenda_de_la_Liga_y_la_Champions-13-L.Mill%C3%A1n_%2852109790215%29_%28cropped%29.jpg,footballeur franco-angolais,"Paul Pogba a retrouvé les terrains, ou plutôt les terrains ont retrouvé Paul Pogba, comme on dirait à propos d'un ranger venu du Texas. Sébastien Pocognoli avait annoncé à la mi-février que le milieu international serait de retour à l'entraînement collectif avant la trêve internationale et le champi…"
"Biathlon,Coupe du monde (H)«Aller chercher ça, c'est indescriptible» : Perrot, le prix de la régularité et de l'exigence",L'Équipe,fr,https://www.lequipe.fr/Biathlon/Actualites/Comme-une-evidence-eric-perrot-regulier-et-exigeant-toute-la-saison-a-remporte-le-gros-globe-assez-dur-de-realiser-que-j-ecris-ma-petite-histoire/1661258,2026-03-21,,Football,5,,,"Dimanche soir, une fois tous les points comptabilisés, Éric Perrot aura une belle marge d'avance sur le toit du monde. Ça veut dire beaucoup, à 24 ans. Ça veut surtout dire que le Français a été évidemment le plus régulier. C'est une banalité de l'écrire quand on parle de classement général, mais c'…"
"Biathlon,Coupe du mondeLa France 4e pays à réussir le doublé grâce à Perrot et Jeanmonnot",L'Équipe,fr,https://www.lequipe.fr/Biathlon/Actualites/Avec-les-gros-globes-d-eric-perrot-et-lou-jeanmonnot-la-france-devient-le-4e-pays-a-reussir-le-double-en-coupe-du-monde/1661154,2026-03-21,,Football,5,https://upload.wikimedia.org/wikipedia/commons/thumb/8/80/Quentin_Fillon_Maillet_2017.jpg/800px-Quentin_Fillon_Maillet_2017.jpg,biathlète français,"Du bleu, du blanc, du rouge... et du cristal. Cette année, les deux gros globes de la Coupe du monde ont été décrochés par des Français : Lou Jeanmonnot chez les femmes et Éric Perrot chez les hommes, tous les deux sacrés dès le sprint d'Oslo, à deux courses de la fin de la saison. Ce n'est que la q…"
"Cyclisme,Milan-San RemoPogacar-Van der Poel, une affiche de rêve pour le premier Monument",L'Équipe,fr,https://www.lequipe.fr/Cyclisme-sur-route/Article/Le-defi-de-pogacar-face-a-un-van-der-poel-intouchable-une-affiche-de-reve-pour-le-premier-choc-de-la-saison/1661182,2026-03-21,,Cyclisme,5,https://upload.wikimedia.org/wikipedia/commons/thumb/a/a9/2022_Tour_of_Slovenia_%28Stage_3%2C_Tadej_Poga%C4%8Dar_celebrating_victory_on_Celje_Castle_v2%29.jpg/800px-2022_Tour_of_Slovenia_%28Stage_3%2C_Tadej_Poga%C4%8Dar_celebrating_victory_on_Celje_Castle_v2%29.jpg,coureur cycliste slovène,"Nous voilà au matin tant rêvé, qu'on aimerait désormais un peu repousser pour qu'il ne s'évanouisse pas trop tôt. Mi-mars, un souffle de printemps, le premier Monument de la saison et déjà un sommet, tant la Classicissima a offert des bijoux de tension, d'indécision et de bagarre, ces trois dernière…"
"Cinéma,EntretienCillian Murphy : «Je ne suis pas un gaillard, je dois faire semblant»11 minutesma listeCinéma,EntretienL'acteur, oscarisé en 2024 pour Oppenheimer de Christopher Nolan, revient dans le film Peaky Blinders, suite de la série à succès qui narre le quotidien d'un gang de Birmingham. L'Irlandais en bandit viril et bagarreur, un rôle qui a participé à faire de lui une icône.",L'Équipe,fr,https://www.lequipe.fr/Tous-sports/Article/Grand-recit-cillian-murphy-revient-dans-le-film-peaky-blinders-je-ne-suis-pas-un-gaillard-je-dois-faire-semblant/1660055,2026-03-21,,Golf,5,,,"Personne n'a menti à propos de Cillian Murphy. Fin janvier, dans une chambre d'hôtel de Londres où il serre dans ses mains sa tasse de thé chaude, la voix douce, le regard concentré, les réflexions profondes, on retrouve le charismatique acteur qu'on nous avait promis et qui, depuis plus de vingt an…"
"Cinéma,DisparitionChuck Norris, adversaire de Bruce Lee et icône d'une certaine Amérique",L'Équipe,fr,https://www.lequipe.fr/Karate/Article/Chuck-norris-champion-de-karate-adversaire-de-bruce-lee-et-icone-d-une-certaine-amerique/1661193,2026-03-21,,Golf,5,,,"Il semblait invulnérable comme s'en amusaient les « Chuck Norris Facts », ces blagues sur sa force prétendument surhumaine, mais Chuck Norris est bien mort ce jeudi à 86 ans, après avoir été hospitalisé à Hawaï à la suite d'un malaise. Issu d'un milieu modeste, son père, chauffeur de bus et de camio…"
"Municipales 2026,LyonLe Tour s'invite dans le match Aulas-Doucet",L'Équipe,fr,https://www.lequipe.fr/Cyclisme-sur-route/Article/A-lyon-le-tour-de-france-s-invite-dans-le-match-jean-michel-aulas-gregory-doucet-pour-les-elections-municipales-2026/1661185,2026-03-21,,Autre,5,https://upload.wikimedia.org/wikipedia/commons/thumb/6/69/Jean-Michel_Aulas_en_juin_2025.jpg/800px-Jean-Michel_Aulas_en_juin_2025.jpg,homme d'affaires français,"C'est une de leurs divergences, dans leur programme pour le sport à Lyon, et elle concerne leur vision du Tour de France cycliste. Entre le maire sortant écologiste Grégory Doucet, arrivé légèrement en tête des suffrages au premier tour (37,36 %), et Jean-Michel Aulas (36,78 %), challenger « sans ét…"
MédiasLa télé est-elle interdite aux femmes de plus de 50 ans ?,L'Équipe,fr,https://www.lequipe.fr/Medias/Article/-bien-sur-on-a-une-date-de-peremption-la-tele-est-elle-interdite-aux-femmes-de-plus-de-50-ans/1661171,2026-03-21,,Autre,5,https://upload.wikimedia.org/wikipedia/commons/thumb/8/86/Pieds_dans_le_plat_hanouna_2_%28cropped%29.jpg/800px-Pieds_dans_le_plat_hanouna_2_%28cropped%29.jpg,"animateur et producteur de télévision, animateur de radio franco-tunisien","Au Camp Nou mercredi soir, Luna Christofi présentait FC Barcelone-Newcastle (7-2) pour la télévision danoise TV3 et la plateforme Viaplay. À 58 ans et après bientôt trois décennies à couvrir le football européen, la journaliste continue de pratiquer son métier, sans avoir à subir quelconque remarque…"
CyclismeNos favoris pour  Milan-San Remo,L'Équipe,fr,https://www.lequipe.fr/Cyclisme-sur-route/Article/Un-duel-mathieu-van-der-poel-tadej-pogacar-sur-le-premier-monument-de-la-saison-nos-favoris-pour-milan-san-remo-2026/1661181,2026-03-21,,Cyclisme,5,https://upload.wikimedia.org/wikipedia/fr/thumb/a/af/MILANO_SAN_REMO_LOGO_2020.svg/langfr-330px-MILANO_SAN_REMO_LOGO_2020.svg.png,course cycliste italienne,"Vainqueur l'an dernier au sprint devant Filippo Ganna et Tadej Pogacar mais aussi vainqueur en solitaire après avoir attaqué dans le Poggio en 2023, Mathieu Van der Poel avait vu son coéquipier Jasper Philipsen s'imposer en 2024 après un marquage collectif favorisant une arrivée semi-groupée (12 cou…"
"Esport,EntretienSavelli : «Falcons n'est pas un club d'Etat»",L'Équipe,fr,https://www.lequipe.fr/Esport/Actualites/-falcons-n-est-pas-un-club-d-etat-la-gestion-du-club-saoudien-racontee-par-son-directeur-sportif/1660041,2026-03-21,,Golf,5,,,"Une centaine de joueurs environ sous contrat, 23 équipes différentes, deux victoires de rang dans le classement par clubs de l'Esports World Cup : depuis sa création en 2017, Team Falcons s'est imposé comme un club incontournable de l'esport mondial, aux moyens financiers conséquents... Si bien que …"
"direct,TennisMasters 1000 de Miami, 2e tour (H) : Alcaraz - FonsecaLe n°1 mondial affronte le champion brésilien pour la première fois.",L'Équipe,fr,https://www.lequipe.fr/tv/videos/live/eurosport-360-1?s=0,2026-03-21,,Tennis,5,https://upload.wikimedia.org/wikipedia/commons/thumb/3/34/Arthur_Fils_at_EFG_Swiss_Open_Gstaad_2023_Pic_Gordon_Simmonds.jpg/800px-Arthur_Fils_at_EFG_Swiss_Open_Gstaad_2023_Pic_Gordon_Simmonds.jpg,joueur de tennis français,"Coupe du monde FIS, Lake Placid : sprint libre (H/F) – qualifications"
"direct,TennisMasters 1000 de Miami, 2e tour (H) : Tsitsipas - De MinaurDirection le Hard Rock Stadium pour le Miami Open.",L'Équipe,fr,https://www.lequipe.fr/tv/videos/live/eurosport-360-2?s=0,2026-03-21,,Tennis,5,,,"Coupe du monde FIS, Lake Placid : sprint libre (H/F) – qualifications"
"Live terminéLigue 1 McDonald'sLens-Angers: carton plein pour les Lensois, qui virent en tête de Ligue 1 et mettent la pression sur le PSG",RMC Sport,fr,https://rmcsport.bfmtv.com/football/ligue-1/direct-lens-angers-suivez-le-match-de-la-27e-journee-de-ligue-1-en-live_LS-202603200689.html,2026-03-21,,Football,5,,,"Pierre Sage au sujet d'un possible report du choc Lens-PSG: ""Nous, de base, on n’est pas d’accord. Du haut de la pyramide, on n’est pas d’accord. Nous, on a joué un match de Coupe de France. On nous l’a programmé un jeudi (face à Lyon, ndlr). Il a fallu aller jouer le dimanche contre Metz. Je compre…"
After Foot,RMC Sport,fr,https://rmcsport.bfmtv.com/replay-emissions/after-foot/,2026-03-21,,Football,5,https://upload.wikimedia.org/wikipedia/fr/thumb/1/1d/After-foot-logo-2023.svg/langfr-330px-After-foot-logo-2023.svg.png,émission de radio et de télévision française,
Ligue 1 McDonald's,RMC Sport,fr,https://rmcsport.bfmtv.com/football/ligue-1/,2026-03-21,,Football,5,https://upload.wikimedia.org/wikipedia/fr/thumb/f/fa/Logo_Ligue_1%2B_%28Ic%C3%B4ne%29.svg/langfr-330px-Logo_Ligue_1%2B_%28Ic%C3%B4ne%29.svg.png,service de streaming payant,"Le RC Lens n'a fait qu'une bouchée d'Angers ce vendredi soir (5-1) en ouverture de la 27e journée de Ligue 1. Avec ce succès, les Sang et Or reprennent provisoirement la tête du classement"
Coupe du monde 2026,RMC Sport,fr,https://rmcsport.bfmtv.com/football/coupe-du-monde/,2026-03-21,,Football,5,https://upload.wikimedia.org/wikipedia/fr/thumb/5/5a/2026_FIFA_World_Cup.svg/langfr-330px-2026_FIFA_World_Cup.svg.png,"23e Coupe du Monde de la FIFA, prévue au Canada, au Mexique et aux États-Unis en 2026","En plus du match amical face au Guatemala, l'Argentine de Lionel Messi affrontera la Mauritanie le 27 mars à Buenos Aires. Les champions du monde qui préparent la Coupe du monde 2026 devaient initialement défier l'Espagne lors de la Finalissima qui a été annulée en raison du contexte géopolitique."
RMC Sport Combat,RMC Sport,fr,https://rmcsport.bfmtv.com/sports-de-combat/,2026-03-21,,Autre,5,https://upload.wikimedia.org/wikipedia/commons/thumb/b/bf/Logo_RMC_Sport_2018.svg/langfr-330px-Logo_RMC_Sport_2018.svg.png,chaînes de télévision françaises de sport,"Nouvelle signature du PFL, le jeune prodige uruguayen Luciano Pereira (25 ans, 16-1) s'est offert des débuts en trombe dans l'organisation américaine ce vendredi à Madrid avec un énorme KO au 1er round et un avertissement à toute la catégorie des -61kg... De quoi faire bondir de leur siège quelques …"
La tête et les épaules,Eurosport FR,fr,https://www.eurosport.fr/football/ligue-1/2025-2026/la-tete-et-les-epaules-le-psg-est-prevenu-lens-ne-compte-se-laisser-distancer-de-sitot-dans-la-course-au-titre-en-ligue-1_sto23283051/story.shtml,2026-03-21,,Autre,5,https://upload.wikimedia.org/wikipedia/commons/thumb/5/5a/Figure_T%C3%AAte_et_%C3%A9paules.png/800px-Figure_T%C3%AAte_et_%C3%A9paules.png,,"La saison de l'OL est-elle fichue ? ""Si on nous avait dit ça l'été dernier..."""
"""Pourquoi tout le monde veut me virer ?"" : Guardiola et le déclin de l’empire mancunien",Eurosport FR,fr,https://www.eurosport.fr/football/premier-league/2025-2026/manchester-city-pourquoi-tout-le-monde-veut-me-virer-guardiola-et-le-declin-de-lempire-mancunien_sto23282917/story.shtml,2026-03-21,,Autre,5,,,
"Le cristal est plus discret que l'or, mais il vaut encore plus cher",Eurosport FR,fr,https://www.eurosport.fr/biathlon/oslo/2025-2026/coupe-du-monde-lou-jeanmonnot-et-eric-perrot-sacres-le-cristal-est-plus-discret-que-lor-mais-il-vaut-encore-plus-cher_sto23282911/story.shtml,2026-03-21,,Autre,5,https://upload.wikimedia.org/wikipedia/fr/thumb/4/4a/Tintin_et_Milou_Logo_headshot.png/800px-Tintin_et_Milou_Logo_headshot.png,série de bande dessinée,"Simon Fourcade : ""Je suis admiratif de la volonté et de l'objectivité d'Eric"""
"Un solide 1er tour pour Atmane, Royer tombe les armes à la main",Eurosport FR,fr,https://www.eurosport.fr/tennis/atp-miami/2026/masters-miami-1er-tour-terence-atmane-domine-daniel-altmaier-et-donne-rendez-vous-a-arthur-rinderknech_sto23282979/story.shtml,2026-03-21,,Autre,5,,,Fonseca a fini par faire plier Marozsan pour le plus grand bonheur des fans brésiliens : le résumé
Ruud et Draper sortis dès leur entrée en lice,Eurosport FR,fr,https://www.eurosport.fr/tennis/atp-miami/2026/masters-1000-de-miami-i-casper-ruud-et-jack-draper-sortis-des-leur-entree-en-lice_sto23283049/story.shtml,2026-03-21,,Autre,5,https://upload.wikimedia.org/wikipedia/commons/thumb/f/fa/Carlos_Alcaraz_Roland_Garros_2025_%28cropped%29.jpg/800px-Carlos_Alcaraz_Roland_Garros_2025_%28cropped%29.jpg,joueur de tennis espagnol,Beaucoup y renoncent : le revers à une main a-t-il encore un avenir ?
Manchester United se relâche,Eurosport FR,fr,https://www.eurosport.fr/football/premier-league/2025-2026/premier-league-31e-journee-manchester-united-se-relache-a-bournemouth-2-2_sto23283043/story.shtml,2026-03-21,,Autre,5,https://upload.wikimedia.org/wikipedia/commons/thumb/8/8c/Frank_Lampard_2019.jpg/800px-Frank_Lampard_2019.jpg,footballeur et entraîneur anglais,"Casemiro et Ryan Christie lors de Bournemouth - Manchester United en Premier League, le 20 mars 2026"
"""Paris - Liverpool, c'est 65-35 en faveur du PSG""",Eurosport FR,fr,https://www.eurosport.fr/football/ligue-des-champions/2025-2026/ligue-des-champions-paris-liverpool-cest-65-35-en-faveur-du-psg_vid60064300/video.shtml,2026-03-21,,Golf,5,,,"Paris et Liverpool se retrouvent en quart de finale de la Ligue des champions. Pour nos journalistes Martin Mosnier et Maxime Dupuis, le rapport de force s'est inversé depuis l'an dernier et Paris est l'extrême favori de la confrontation. Les limites exposées par les Reds cette saison autant que la …"
"Sola, un intello à l'UFC : ""On peut structurer et préparer"" la ""baston""",Eurosport FR,fr,https://www.eurosport.fr/mixed-martial-arts/ufc/2026/ufc-londres-axel-sola-le-combattant-francais-aux-allures-dintello-et-amoureux-de-baston-evoque-son-rapport-au-mma_sto23282162/story.shtml,2026-03-21,,Golf,5,,,Axel Sola lors de sa victoire contre Rhys McKee à l'UFC Paris en septembre 2025.
Thauvin flambe et Lens remet la pression sur le PSG,Eurosport FR,fr,https://www.eurosport.fr/football/ligue-1/2025-2026/ligue-1-27e-journee-lens-fait-exploser-angers-5-1-et-reprend-la-tete-devant-le-psg_sto23283041/story.shtml,2026-03-21,,Autre,5,https://upload.wikimedia.org/wikipedia/commons/thumb/b/ba/Covid-19%2C_France%2C_nombre_d%27hospitalisations.png/800px-Covid-19%2C_France%2C_nombre_d%27hospitalisations.png,impact en France de la pandémie de Covid-19,"Lens' French forward #10 Florian Thauvin (2ndR) celebrates with his teammate Lens' French forward #07 Florian Sotoca (2ndL) after scoring his team's first goal during the French L1 football match between RC Lens and SCO Angers at the Stade Bollaert-Delelis in Lens, northern France, on March 20, 2026…"
"Perrot, le sacre d'un ambitieux qui ne s'est jamais excusé de l'être",Eurosport FR,fr,https://www.eurosport.fr/biathlon/oslo/2025-2026/coupe-du-monde-eric-perrot-le-sacre-dun-ambitieux-qui-ne-sest-jamais-excuse-de-letre_sto23282974/story.shtml,2026-03-21,,Autre,5,https://upload.wikimedia.org/wikipedia/commons/thumb/e/ee/George_Sand.PNG/800px-George_Sand.PNG,romancière et dramaturge française,"Simon Fourcade : ""Je suis admiratif de la volonté et de l'objectivité d'Eric"""
AUTRES INFOS PRINCIPALES,Eurosport FR,fr,,2026-03-21,,Autre,5,https://upload.wikimedia.org/wikipedia/commons/thumb/1/1e/Fake_News_%2832332513102%29.jpg/800px-Fake_News_%2832332513102%29.jpg,informations mensongères diffusées délibérément biaisée dans le but de manipuler ou tromper le public,
"Le Mans garde la cadence, le Red Star confirme",Eurosport FR,fr,https://www.eurosport.fr/football/ligue-2/2025-2026/ligue-2-i-le-mans-garde-la-cadence-le-red-star-confirme_sto23283042/story.shtml,2026-03-21,,Autre,5,https://upload.wikimedia.org/wikipedia/commons/thumb/1/1c/SuperFX_GSU-2-SP1_chip.jpg/800px-SuperFX_GSU-2-SP1_chip.jpg,page de liste de Wikimédia,"La saison de l'OL est-elle fichue ? ""Si on nous avait dit ça l'été dernier..."""
"""C'était facile pour moi"" : Anthony, un sacre pour une comète",Eurosport FR,fr,https://www.eurosport.fr/athletisme/mondiaux-en-salle/2026/cetait-facile-pour-moi-anthony-un-sacre-sur-60-mpour-la-comete-americaine_sto23283044/story.shtml,2026-03-21,,Autre,5,,,Jordan Anthony a assumé son nouveau statut de favori en décrochant vendredi à Torun en Pologne le titre mondial sur 60 mètres.
"Taupe, bouts de papiers et crispations : ""Linkedin Liam"" en plein tourbillon",Eurosport FR,fr,https://www.eurosport.fr/football/premier-league/2025-2026/taupe-bouts-de-papiers-et-crispations-linkedin-liam-rosenior-en-plein-tourbillon-avec-chelsea-apres-la-defaite-cuisante-face-au-psg_sto23283002/story.shtml,2026-03-21,,Autre,5,,,"La saison de l'OL est-elle fichue ? ""Si on nous avait dit ça l'été dernier..."""
Une septième défaite de suite à domicile pour l'Asvel,Eurosport FR,fr,https://www.eurosport.fr/basketball/euroleague/2025-2026/euroligue-lasvel-concede-contre-le-maccabi-tel-aviv-une-septieme-defaite-de-suite-a-domicile_sto23283045/story.shtml,2026-03-21,,Autre,5,https://upload.wikimedia.org/wikipedia/fr/thumb/b/bf/Logo_ASVEL_Lyon_Villeurbanne_-_2018.svg/langfr-330px-Logo_ASVEL_Lyon_Villeurbanne_-_2018.svg.png,club de basket-ball français,
"""Le biathlon est bien pour ça, si tu es trop sûr de toi, une course va te ramener sur terre""",Eurosport FR,fr,https://www.eurosport.fr/biathlon/oslo/2025-2026/interview-de-siegfried-mazet-le-biathlon-est-bien-pour-ca-si-tu-es-trop-sur-de-toi-une-course-va-te-ramener-sur-terre_sto23282826/story.shtml,2026-03-21,,Autre,5,,,"Laegreid dans le vent, Jacquelin dauphin à 2'33"" : le résumé de la poursuite"
"Le Napoli prend provisoirement la place de dauphin, De Bruyne a retrouvé le onze titulaire",Eurosport FR,fr,https://www.eurosport.fr/football/serie-a/2025-2026/serie-a-i-le-napoli-simpose-a-cagliari-1-0-et-prend-provisoirement-la-place-de-dauphin_sto23283005/story.shtml,2026-03-21,,Tennis,5,,,
"FootballTransfertsLe Real Madrid met l’une de ses stars françaises en vente !Eduardo Camavinga, prodige français du Real Madrid, n’est plus intouchable. Selon Marca,…Stéphane Roy21/03/2026 02:30",Sport.fr,fr,https://www.sport.fr/./football,2026-03-21,,Football,4,,,"Eduardo Camavinga, prodige français du Real Madrid, n’est plus intouchable. Selon Marca, le club merengue écoute les offres pour le milieu de 23 ans, sous contrat jusqu’en juin 2029, à partir de 50 millions d’euros. Plusieurs cadors de Premier League…"
"FootballTransfertsCe n’est pas du bluff, Benatia est vraiment sur le coup pour Goretzka !Ciblé par Arsenal et l’Atlético Madrid, l’international allemand fait aussi rêver la…Hugo Bernabeu21/03/2026 02:00",Sport.fr,fr,https://www.sport.fr/./football,2026-03-21,,Football,4,,,"Eduardo Camavinga, prodige français du Real Madrid, n’est plus intouchable. Selon Marca, le club merengue écoute les offres pour le milieu de 23 ans, sous contrat jusqu’en juin 2029, à partir de 50 millions d’euros. Plusieurs cadors de Premier League…"
"FootballTransfertsDes offres potentiellement énormes commencent à arriver pour KvaratskheliaGrand artisan du sacre parisien en LDC, le Géorgien a toujours la…Hugo Bernabeu21/03/2026 01:30",Sport.fr,fr,https://www.sport.fr/./football,2026-03-21,,Football,4,,,"Eduardo Camavinga, prodige français du Real Madrid, n’est plus intouchable. Selon Marca, le club merengue écoute les offres pour le milieu de 23 ans, sous contrat jusqu’en juin 2029, à partir de 50 millions d’euros. Plusieurs cadors de Premier League…"
"FootballTransfertsManchester City a déniché une doublure pour Erling HaalandPour concurrencer son cyborg la saison prochaine, Manchester City a pensé à…Hugo Bernabeu21/03/2026 01:00",Sport.fr,fr,https://www.sport.fr/./football,2026-03-21,,Football,4,,,"Eduardo Camavinga, prodige français du Real Madrid, n’est plus intouchable. Selon Marca, le club merengue écoute les offres pour le milieu de 23 ans, sous contrat jusqu’en juin 2029, à partir de 50 millions d’euros. Plusieurs cadors de Premier League…"
"FootballTransfertsDeux cibles à 150 M€ pour le Real MadridPour relancer la machine cet été, le géant espagnol n’hésitera pas à…Hugo Bernabeu21/03/2026 00:30",Sport.fr,fr,https://www.sport.fr/./football,2026-03-21,,Football,4,,,"Eduardo Camavinga, prodige français du Real Madrid, n’est plus intouchable. Selon Marca, le club merengue écoute les offres pour le milieu de 23 ans, sous contrat jusqu’en juin 2029, à partir de 50 millions d’euros. Plusieurs cadors de Premier League…"
FootballTransfertsLe défenseur le plus convoité d’Europe ne jure que par le Paris Saint-Germain !Paris veut frapper fort dans le mercato estival. Le Paris Saint-Germain accélère…Stéphane Roy21/03/2026 00:00,Sport.fr,fr,https://www.sport.fr/./football,2026-03-21,,Football,4,,,"Eduardo Camavinga, prodige français du Real Madrid, n’est plus intouchable. Selon Marca, le club merengue écoute les offres pour le milieu de 23 ans, sous contrat jusqu’en juin 2029, à partir de 50 millions d’euros. Plusieurs cadors de Premier League…"
"FootballTransfertsManchester United : un Bruno peut en cacher un autre !Pour prendre la relève de Casemiro cet été, le club mancunien a…Hugo Bernabeu20/03/2026 23:30",Sport.fr,fr,https://www.sport.fr/./football,2026-03-20,,Football,4,,,"Eduardo Camavinga, prodige français du Real Madrid, n’est plus intouchable. Selon Marca, le club merengue écoute les offres pour le milieu de 23 ans, sous contrat jusqu’en juin 2029, à partir de 50 millions d’euros. Plusieurs cadors de Premier League…"
"FootballTransfertsLe Paris Saint-Germain ne laissera pas Mayulu rejoindre MarseilleL’OM, comme beaucoup de clubs, rêve de rafler un tel talent, mais…Stéphane Roy20/03/2026 23:30",Sport.fr,fr,https://www.sport.fr/./football,2026-03-20,,Football,4,,,"Eduardo Camavinga, prodige français du Real Madrid, n’est plus intouchable. Selon Marca, le club merengue écoute les offres pour le milieu de 23 ans, sous contrat jusqu’en juin 2029, à partir de 50 millions d’euros. Plusieurs cadors de Premier League…"
FootballRésultatsPremier League : Bournemouth – Manchester United : 2-2Bournemouth a freiné Manchester United dans sa quête de podium. Accès au…La Rédaction20/03/2026 23:00,Sport.fr,fr,https://www.sport.fr/./football,2026-03-20,,Football,4,,,"Eduardo Camavinga, prodige français du Real Madrid, n’est plus intouchable. Selon Marca, le club merengue écoute les offres pour le milieu de 23 ans, sous contrat jusqu’en juin 2029, à partir de 50 millions d’euros. Plusieurs cadors de Premier League…"
"FootballTransfertsLe Barça ne lui promet rien ? Lewandowski s’en ficheL’attaquant polonais, pilier offensif du FC Barcelone depuis 2022, refuse pour l’instant…Stéphane Roy20/03/2026 23:00",Sport.fr,fr,https://www.sport.fr/./football,2026-03-20,,Football,4,,,"Eduardo Camavinga, prodige français du Real Madrid, n’est plus intouchable. Selon Marca, le club merengue écoute les offres pour le milieu de 23 ans, sous contrat jusqu’en juin 2029, à partir de 50 millions d’euros. Plusieurs cadors de Premier League…"
Man Utd fury at 'astonishing' and 'baffling' penalty decisions,BBC Sport,en,https://www.bbc.com/sport/sport/football/articles/cwyd7rklyeyo,2026-03-21,,Football,5,,,Copyright © BBC. The BBC is not responsible for the content of external sites. Read about our approach to external linking.
"No contact, no World Cup place? What went wrong for Alexander-Arnold?",BBC Sport,en,https://www.bbc.com/sport/sport/football/articles/c75knk1gzvgo,2026-03-21,,Football,5,https://upload.wikimedia.org/wikipedia/en/thumb/a/a2/Scotland_national_rugby_union_team_logo.png/800px-Scotland_national_rugby_union_team_logo.png,Men's National rugby union squad,Copyright © BBC. The BBC is not responsible for the content of external sites. Read about our approach to external linking.
GB's Azu fourth at World Indoors in 'one of best 60m races of all time',BBC Sport,en,https://www.bbc.com/sport/sport/athletics/articles/c5yw8z3dz5ko,2026-03-21,,Tennis,5,https://upload.wikimedia.org/wikipedia/commons/thumb/4/4b/Richard_Kilty_Sopot_2014.jpg/800px-Richard_Kilty_Sopot_2014.jpg,British sprinter (born 1989),Copyright © BBC. The BBC is not responsible for the content of external sites. Read about our approach to external linking.
One final experiment? Unpicking Tuchel's latest England squad,BBC Sport,en,https://www.bbc.com/sport/sport/football/articles/clyrnrgp6k6o,2026-03-21,,Autre,5,,,Copyright © BBC. The BBC is not responsible for the content of external sites. Read about our approach to external linking.
Coroner 'not satisfied' Hatton intended to take his own life,BBC Sport,en,https://www.bbc.com/sport/news/articles/cede1z1q946o,2026-03-21,,Autre,5,https://upload.wikimedia.org/wikipedia/commons/thumb/5/55/Ricky_Hatton_2009.jpg/800px-Ricky_Hatton_2009.jpg,British professional boxer (1978–2025),Copyright © BBC. The BBC is not responsible for the content of external sites. Read about our approach to external linking.
Draper exits Miami Open but Boulter through,BBC Sport,en,https://www.bbc.com/sport/sport/tennis/articles/cede135vvy3o,2026-03-21,,Football,5,https://upload.wikimedia.org/wikipedia/commons/thumb/e/ec/Boulter_RGQ23.jpg/800px-Boulter_RGQ23.jpg,British tennis player (born 1996),Copyright © BBC. The BBC is not responsible for the content of external sites. Read about our approach to external linking.
Bournemouth equalise twice in draw with Man Utd as Maguire sees red,BBC Sport,en,https://www.bbc.com/sport/sport/football/live/c9wn9j281q1t,2026-03-21,,Autre,5,https://upload.wikimedia.org/wikipedia/en/thumb/7/7a/Manchester_United_FC_crest.svg/800px-Manchester_United_FC_crest.svg.png,Association football club in England,Copyright © BBC. The BBC is not responsible for the content of external sites. Read about our approach to external linking.
Alisson out of Brazil squad and will miss Brighton,BBC Sport,en,https://www.bbc.com/sport/sport/football/articles/crm1wr44vxvo,2026-03-21,,Autre,5,,,
Would WSL meet Fifa's new female coach rules?,BBC Sport,en,https://www.bbc.com/sport/sport/football/articles/c5yxke8mjgpo,2026-03-21,,Football,5,,,
O'Sullivan makes highest-ever break with historic 153,BBC Sport,en,https://www.bbc.com/sport/sport/snooker/articles/cn4391l3lvxo,2026-03-21,,Autre,5,,,
Rahm drops Tour appeal but refuses to pay fines,BBC Sport,en,https://www.bbc.com/sport/sport/golf/articles/cr71rd4393jo,2026-03-21,,Football,5,,,
Cult or culture? McCullum comes full circle following Ashes review,BBC Sport,en,https://www.bbc.com/sport/sport/cricket/articles/cy01r187gk5o,2026-03-21,,Autre,5,,,
"How clubs are developing football stars of the future. Video, 00:09:14How clubs are developing football stars of the future",BBC Sport,en,https://www.bbc.com/sport/sport/football/videos/c87wg8nnwrjo,2026-03-21,,Football,5,,,
"'I'd love her to be here' - Fernandez on Putellas friendship and London City. Video, 00:04:19'I'd love her to be here' - Fernandez on Putellas friendship and London City",BBC Sport,en,https://www.bbc.com/sport/sport/videos/c5yw88dn1yyo,2026-03-21,,Autre,5,,,
"'Being in Manchester has made me love nature so much more' Video, 00:02:15'Being in Manchester has made me love nature so much more'",BBC Sport,en,https://www.bbc.com/sport/sport/football/videos/cx242l1wr0ko,2026-03-21,,Autre,5,,,
"Who makes BBC pundits' Six Nations team of the tournament? Video, 00:11:45Who makes BBC pundits' Six Nations team of the tournament?",BBC Sport,en,https://www.bbc.com/sport/sport/rugby-union/videos/c62dyp0vyv1o,2026-03-21,,Rugby,5,,,
"Cross or shot? Brighton's Minteh reacts to win at Sunderland  Video, 00:04:21Cross or shot? Brighton's Minteh reacts to win at Sunderland",BBC Sport,en,https://www.bbc.com/sport/sport/football/videos/cg4g71g4ww1o,2026-03-21,,Autre,5,,,
More sports news,BBC Sport,en,,2026-03-21,,Autre,5,,,
Newcastle eye Delap - Saturday's gossip,BBC Sport,en,https://www.bbc.com/sport/sport/football/articles/cvg0x4w37x3o,2026-03-21,,Autre,5,,,
Wheatley leaves Audi amid Aston Martin link,BBC Sport,en,https://www.bbc.com/sport/sport/formula1/articles/ckg05py1zneo,2026-03-21,,Autre,5,,,
Connacht secure bonus-point win over Ulster,BBC Sport,en,https://www.bbc.com/sport/sport/rugby-union/articles/c75knp472w6o,2026-03-21,,Autre,5,,,
Liverpool 'disgusted' by racist abuse towards Konate,BBC Sport,en,https://www.bbc.com/sport/sport/football/articles/ce8j1j444r3o,2026-03-21,,Natation,5,,,
Van Steenis ends Edwards' title dream again,BBC Sport,en,https://www.bbc.com/sport/sport/mixed-martial-arts/articles/c208lve3e32o,2026-03-21,,Autre,5,,,
Man City's Trafford to start final but Arteta opts not to name Arsenal keeper,BBC Sport,en,https://www.bbc.com/sport/sport/football/articles/cz0e7j5kj5vo,2026-03-21,,Football,5,,,
LiveShowing on Sky Sports GolfLive Ladies European Tour Golf,Sky Sports,en,https://www.skysports.com/watch/sky-sports-golf,2026-03-21,,Golf,5,,,
LiveShowing on Sky Sports TennisLive: ATP/WTA Miami,Sky Sports,en,https://www.skysports.com/watch/sky-sports-tennis,2026-03-21,,Tennis,5,,,
LiveShowing on Sky Sports+M. Arnaldi v A. Shevchenko,Sky Sports,en,https://www.skysports.com/tennis/watch/5190898912723980112/miami-open-presented-by-itau-2026,2026-03-21,,Autre,5,,,
LiveShowing on Sky Sports+C. McNally v Wang Xinyu,Sky Sports,en,https://www.skysports.com/tennis/watch/7420951995039199112/miami-open-presented-by-itau-2026,2026-03-21,,Autre,5,,,
LiveShowing on Sky Sports+C. Ugo Carabelli v S. Korda,Sky Sports,en,https://www.skysports.com/tennis/watch/4841006846479455112/miami-open-presented-by-itau-2026,2026-03-21,,Autre,5,,,
LiveShowing on Sky Sports+K. Rakhimova v M. Kostyuk,Sky Sports,en,https://www.skysports.com/tennis/watch/7069048771934259112/miami-open-presented-by-itau-2026,2026-03-21,,Autre,5,,,
LiveShowing on Sky Sports+A. Sabalenka v A. Li,Sky Sports,en,https://www.skysports.com/tennis/watch/6183354436494041112/miami-open-presented-by-itau-2026,2026-03-21,,Autre,5,,,
LiveShowing on Sky Sports+C. Alcaraz v J. Fonseca,Sky Sports,en,https://www.skysports.com/tennis/watch/5123254432405887112/miami-open-presented-by-itau-2026,2026-03-21,,Autre,5,,,
LiveShowing on Sky Sports+R. Collignon v F. Cobolli,Sky Sports,en,https://www.skysports.com/tennis/watch/9071361493238728112/miami-open-presented-by-itau-2026,2026-03-21,,Autre,5,,,
LiveShowing on Sky Sports+S. Tsitsipas v A. de Minaur,Sky Sports,en,https://www.skysports.com/tennis/watch/8503804736087780112/miami-open-presented-by-itau-2026,2026-03-21,,Autre,5,,,
LiveShowing on Sky Sports+M. Kouame v J. Lehecka,Sky Sports,en,https://www.skysports.com/tennis/watch/6682860252829562112/miami-open-presented-by-itau-2026,2026-03-21,,Autre,5,,,
LiveShowing on Sky Sports+E. Rybakina v Y. Putintseva,Sky Sports,en,https://www.skysports.com/tennis/watch/4691764862294541112/miami-open-presented-by-itau-2026,2026-03-21,,Autre,5,,,
LiveShowing on Sky Sports+L. Darderi v M. Landaluce,Sky Sports,en,https://www.skysports.com/tennis/watch/7680312826914574112/miami-open-presented-by-itau-2026,2026-03-21,,Autre,5,,,
LiveShowing on Sky Sports+P. Stearns v J. Cristian,Sky Sports,en,https://www.skysports.com/tennis/watch/6274852277281573112/miami-open-presented-by-itau-2026,2026-03-21,,Autre,5,,,
LiveShowing on Sky Sports RacingStateside Live,Sky Sports,en,https://www.skysports.com/watch/sky-sports-racing,2026-03-21,,Autre,5,,,
Humiliation for Harry Maguire as Man Utd throw it away,Goal.com,en,https://www.goal.com/en/en/lists/man-utd-player-ratings-vs-bournemouth-harry-maguire-bruno-fernandes/blt7eb25df67083a35c,2026-03-21,,Football,5,,,
"GOALWinners & LosersEnglandFoden is a lucky boy - but Trent still can't win over TuchelThomas Tuchel has unveiled his England squad for this month's friendlies at home to Uruguay and Japan. These fixtures will be the final two chances for the German to examine his squad in detail before the end of the club season, and he's gone a bit rogue in how he's decided on his roster, naming an expanded 35-player selection but effectively splitting the team in two.",Goal.com,en,https://www.goal.com/en/en/lists/phil-foden-winners-losers-thomas-tuchel-man-city-england-squad-trent-alexander-arnold/blta4e5a9914a8e0f3f,2026-03-20,,Football,5,,,
"Getty/GOALAnalysisM. ArtetaHow Arteta turned sizzling Arsenal-City rivalry on its headThe last time Manchester City and Arsenal faced each other in the League Cup final, Pep Guardiola and Mikel Arteta sat side by side in the Wembley dugout as head coach and assistant before celebrating as their City team destroyed the Gunners 3-0 and claimed the first of piece of silverware of the former's time in England. The rampant win only crystalized the widening gap between the two clubs.",Goal.com,en,https://www.goal.com/en/en/lists/how-mikel-arteta-leaving-man-city-turned-arsenal-rivalry/blt67711746de678f99,2026-03-20,,Football,5,,,
"Getty/GOALNXGNRomaRoma's €25m teen who is earning Osimhen comparisonsRoma's acquisition of Robinio Vaz from Marseille on January 14 was considered quite the coup for the Serie A side. The Frenchman was still only at 18 at the time of the €25 million (£21.5m/$29m) transfer from Stade Velodrome to Stadio Olimpico, with Lamine Yamal the only player younger than Vaz to have scored at least four goals in Europe's 'Big Five' leagues this season to that point.",Goal.com,en,https://www.goal.com/en/en/lists/robinio-vaz-roma-25-million-teenager-compared-victor-osimhen/blt76071ee2f52f9ad7,2026-03-20,,Football,5,,,
"GOALCULTUREBrazilWhy Nike x Jordan's Brazil collab is a seismic momentWe already knew Nike had built something special through their Jordan Brand and Paris Saint-Germain collaboration, with the 'Jumpman' logo replacing the 'Swoosh' on the French giants’ shirts for the past eight years - but they've entered another stratosphere after linking up with the Brazilian federation.",Goal.com,en,https://www.goal.com/en/en/lists/brazil-nike-selecao-jordan-collaboration-seismic-world-cup/blt4113d845b1af1b4b,2026-03-20,,Football,5,,,
"Getty/GOALAnalysisChelsea FC WomenMeet Lexi Potter: Chelsea's Stanway-esque teen starWhen Emma Hayes' time at Chelsea was coming to a well-publicised end in the final few months of the 2023-24 season, ahead of her move to the United States to take over its iconic national team, the revered manager took a moment in one of her final press conferences to ponder what the Blues' team might look like in the future, given the progress being made in the women's youth set-up and the work being done to try bridge the gap between the academy and the first team.",Goal.com,en,https://www.goal.com/en/en/lists/lexi-potter-chelsea-england-teenager/blt8c9b8981e424f969,2026-03-20,,Football,5,,,
"Getty/GOALPower rankingsChampions LeagueUCL Power Rankings: Arsenal back on top ahead of QFsDespite the painfully protracted league phase running through the first five months of the season and the play-off round providing some drama, for many the Champions League doesn't truly begin until the last 16 gets underway. If you are one of those fans, then you likely loved the past week or so of European action.",Goal.com,en,https://www.goal.com/en/en/lists/champions-league-2025-26-power-rankings/blt04f1d035afcafe91,2026-03-19,,Football,5,,,
"Getty/GOALOpinionManchester UnitedMan Utd MUST upgrade full-backs to go to next levelMichael Carrick instantly solved one of Manchester United's biggest problems from the Ruben Amorim era by simply playing Luke Shaw and Diogo Dalot in their natural positions. The full-backs have started all nine games under the former Red Devils midfielder, playing their part in the coach's astonishing run of seven victories, one draw and one defeat thus far.",Goal.com,en,https://www.goal.com/en/en/lists/man-utd-upgrade-full-backs-summer-replacing-diogo-dalot-luke-shaw-take-red-devils-next-level/blt732aafa749b6813c,2026-03-19,,Football,5,,,
"Getty/GOALPlayer ratingsLiverpoolSalah goes from zero to hero while Szoboszlai stars againLiverpool cruised into the quarter-finals of the Champions League on Wednesday with a 4-0 win over Galatasaray at Anfield. Arne Slot's side made up for last week's 1-0 defeat in Turkey with a dominant showing in front of their own supporters. Dominik Szoboszlai was once again in inspirational form for the Reds, while Mohamed Salah also played a starring role despite missing a penalty in the first half.",Goal.com,en,https://www.goal.com/en/en/lists/liverpool-player-ratings-vs-galatasaray-mohamed-salah-dominik-szoboszlai/bltf36691d2302c4e1d,2026-03-18,,Football,5,,,
"Getty/GOALIconsWorld CupICONS: Why Germany wore red in 7-1 Brazil thrashingIn the summer of 2014, Germany didn’t just win the World Cup on Brazilian soil - they left behind one of the most powerful and unexpected symbols of unity football has ever seen. Beyond the unforgettable 7–1 semi-final victory over the hosts, a match that shocked the world, a red and black jersey came to represent something deeper than victory or defeat: respect, empathy, and an unlikely bond between two footballing nations. This is Icons, a GOAL feature and podcast series that revisits the last 10 World Cups through the moments, characters, and controversies that defined them, bringing the spirit of each tournament back to life.",Goal.com,en,https://www.goal.com/en/en/lists/icons-germany-red-black-7-1-thrashing-brazil-2014-world-cup/bltf6e5bc0a8d7e61ad,2026-03-19,,Football,5,,,
"Getty Images SportArsenalD. RayaRaya reveals he could've joined major European club before ArsenalArsenal goalkeeper David Raya has revealed that he could have joined Bayern Munich instead of the Gunners, before developing into a likely Premier League title winner in north London. The Spain international has become one of the best stoppers in Europe under Mikel Arteta's tutelage but it nearly didn't come to pass at all, given the interest from the Bundesliga giants.",Goal.com,en,https://www.goal.com/en/en/lists/david-raya-major-european-club-transfer-before-arsenal/blt5ae8b929b1618450,2026-03-20,,Football,5,,,
"Calciomercato/Getty ImagesJuventusManchester CityBernardo Silva to Juventus? Tacchinardi: ""Spalletti only pushes hard for signings like this""",Goal.com,en,https://www.goal.com/en/en/lists/tacchinardi-on-bernardo-silva-joining-juventus-he-s-a-top-class-player-spalletti-only-insists-on-signings-like-this/blt609ec5d40f2a86b6,2026-03-20,,Football,5,,,
Getty ImagesJuventusJuventus has purchased the land and the JHotel: a €23 million deal,Goal.com,en,https://www.goal.com/en/en/lists/juventus-has-purchased-the-land-and-the-jhotel-a-eur23-million-deal-a-transaction-that-does-not-affect-future-investments/blt307178e61768f8c4,2026-03-20,,Football,5,,,
"Getty Images SportManchester UnitedB. GuimaraesHowe slams 'disrespectful' Guimaraes to Man Utd talkNewcastle United head coach Eddie Howe has vehemently dismissed reports claiming that Bruno Guimaraes is in ""advanced talks"" to join Manchester United. Howe expressed visible frustration over the timing of these rumors, as the ninth-placed Magpies fight to secure a European spot for next season.",Goal.com,en,https://www.goal.com/en/en/lists/eddie-howe-fumes-bruno-guimaraes-man-utd-transfer-rumours/blt658c0eba6a1773f4,2026-03-20,,Tennis,5,,,
"Manchester CityArsenal'Not here to give advice to Arteta!' - Guardiola snaps back at reporterA nonplussed Pep Guardiola dismissed a question from a reporter that related to Mikel Arteta chasing his first Premier League title as a manager, insisting that he had not attended his pre-match press conference to offer advice to the Arsenal boss. Manchester City face Leeds on Saturday evening as they look to close the gap at the top of the table to two points, with the Gunners not in action until Sunday, when they host Chelsea.",Goal.com,en,https://www.goal.com/en/en/team/manchester-city/a3nyxabgsqlnqfkeg41m6tnpp,2026-02-27,,Football,5,,,
GOALCULTURE🎥 | Are these the transfers that would SAVE football?!From Marcus Rashford rocking up at Chelsea to Enzo Fernandez making the switch to Liverpool - watch as GOAL's Front Three debate some highly controversial transfer moves and whether the players involved would be good enough to break into the starting XIs of their new teams.,Goal.com,en,https://www.goal.com/en/en/news/video-bruno-fernandes-psg-harry-kane-real-madrid-front-three-transfers-save-football/blt2c79156a129cffd0,2026-03-17,,Football,5,,,
"GOALD. GayleNewcastle United🎥 | Dwight Gayle on Arsenal rejection, idolising CR7 & moreFormer Crystal Palace and Newcastle United striker Dwight Gayle is the latest guest on the Beast Mode On Podcast, where he discusses his journey from non-league to the Premier League after being let go by Arsenal as a youngster. Now 36, Gayle looks back at idolising David Beckham and Cristiano Ronaldo, why it never clicked with Tony Pulis and much more.",Goal.com,en,https://www.goal.com/en/en/news/video-dwight-gayle-arsenal-cristiano-ronaldo-beast-mode-on-podcast/blte9e250f67c817af6,2026-03-12,,Football,5,,,
"GOALCULTURE🎥 | Front Three do battle with FILTHYFELLAS in quiz showdownRepresenting GOAL's Front Three, Juwon, Big Yarns and DSK take on Jad, Stevo and Menace from FILTHYFELLAS in a quiz showdown of epic proportions. Who will come out on top after four rounds that will put their football knowledge to the test? Find out by watching the video above!",Goal.com,en,https://www.goal.com/en/en/news/video-front-three-filthyfellas-football-knowledge-quiz/bltb995e9f1f5d09967,2026-03-04,,Football,5,,,
"GOALWest HamC. Cole🎥 | Cole talks Kane respect, life advice from 50 Cent & moreThe latest episode of the Beast Mode On Podcast sees former West Ham and England striker Carlton Cole join Adebayo Akinfenwa to chat about life at Chelsea and his decision to leave the Blues, how he angered Jose Mourinho with his nightclub visits, receiving life advice from 50 Cent and much more.",Goal.com,en,https://www.goal.com/en/en/news/video-west-ham-legend-carlton-cole-chelsea-harry-kane-50-cent-beast-mode-on-podcast/bltc3a99a762d64a5c1,2026-02-26,,Football,5,,,
"TV Guide & StreamingBrighton vs LiverpoolBrighton vs Liverpool: Stream, TV channels & where to watchHow to watch the  Premier League match between Brighton and Liverpool, as well as kick-off time and team news",Goal.com,en,https://www.goal.com/en/en/news/how-to-watch-brighton-liverpool-21032026/bltb135b6736493004f,2026-03-21,,Football,5,,,
All of ESPN.All In One Place.Sign Up NowWatch Now,ESPN,en,https://plus.espn.com/?ex_cid=ESPN-ESPN-Web-Left_Rail-Evergreen-Brand-espncom-desktop-leftrail-dtc-promo-US-EN,2026-03-21,,Tennis,5,,,
📍Watch on ESPNSubscribe NowLive: NCAA Women's Basketball (First Round)Live: NCAA Women's Frozen Four (Semifinals)Live: NHL Power PlayLive: MLB.TVSportsCenter For You,ESPN,en,https://www.espn.com/watch/offers?om-navmethod=button:subscribe,2026-03-21,,Basketball,5,,,
Quick LinksMen's Tournament ChallengeWomen's Tournament ChallengeMen's NCAA BracketWomen's NCAA BracketNCAA Baseball & SoftballFantasy Women's BasketballFantasy Baseball: Sign UpWhere To WatchToday's Top OddsESPN Radio: Listen Live,ESPN,en,https://fantasy.espn.com/games/tournament-challenge-bracket-2026/?addata=tcmens2026_ncaam_web_quicklinks_ncaam,2026-03-21,,Basketball,5,,,
FavoritesManage Favorites,ESPN,en,https://www.espn.com/#,2026-03-21,,Natation,5,,,
Customize ESPNCreate AccountLog In,ESPN,en,,2026-03-21,,Autre,5,,,
FantasyFootballBaseballHockeyMen's BasketballWomen's Basketball,ESPN,en,http://www.espn.com/fantasy/football/,2026-03-21,,Basketball,5,,,
ESPN SitesESPN DeportesAndscapeespnWESPNFCX GamesSEC Network,ESPN,en,https://espndeportes.espn.com,2026-03-21,,Autre,5,,,
ESPN AppsESPNESPN FantasyTournament Challenge,ESPN,en,http://www.espn.com/espn/apps/download?app=espn,2026-03-21,,Autre,5,,,
Follow ESPNFacebookX/TwitterInstagramSnapchatTikTokYouTubeGoogle News,ESPN,en,https://www.facebook.com/ESPN,2026-03-21,,Tennis,5,,,
NCAA Women's Basketball Championship - Regional 4 in Sacramento - 1st RoundInés Sotelo hits the bucket vs. Colorado State RamsInés Sotelo hits the bucket vs. Colorado State Rams2m0:15Emma Shumate hustles in for Michigan State and-1Emma Shumate hustles in for Michigan State and-18m0:17Kloe Froebe muscles in for tough and-1 bucketKloe Froebe gets inside and the basket and foul for Colorado State.9m0:18Brooke Carlson drills a triple for Colorado StateBrooke Carlson hits a 3-pointer for Colorado State against Michigan State.10m0:16Kennedy Blair fights through contact for and-1 bucketKennedy Blair fights through contact for and-1 bucket7m0:14🏆 Check your bracketsWomen's March Madness live tracker ➡️,ESPN,en,https://fantasy.espn.com/games/tournament-challenge-bracket-women-2026/,2026-03-21,,Basketball,5,,,
WOMEN'S NCAA TOURNAMENT📅 Complete scoreboard🏆 Check your brackets,ESPN,en,https://www.espn.com/womens-college-basketball/scoreboard,2026-03-21,,Tennis,5,,,
"MEN'S FIRST-ROUND REACTIONMen's March Madness live tracker: Updates from Friday's first roundESPN reporters are on-site across the country with real-time updates from the 2026 NCAA tournament.5hESPNJamie Squire/Getty ImagesMen's March Madness Friday takeaways: How Utah State, Kentucky, more teams wonWe're tracking how every first-round game is won -- and keys to each winner's chances of advancing again.2hESPN🏆 Check your brackets✍️ Bracket busted? Try a Second Chance Bracket!",ESPN,en,https://www.espn.com/mens-college-basketball/story/_/id/48258261/march-madness-live-tracker-updates-first-round-friday-2026,2026-03-21,,Tennis,5,,,
MEN'S NCAA TOURNAMENT📅 Complete scoreboard🏆 Check your brackets,ESPN,en,https://www.espn.com/mens-college-basketball/scoreboard,2026-03-21,,Tennis,5,,,
"TOP HEADLINESMiami (OH)'s run ends in blowout loss to VolsNCAA sues DraftKings for trademark infringementWNBA, union officially sign new CBA term sheetSources: 49ers pass on Williams option, eye dealPurdue's Smith leaps Hurley as NCAA assists kingUCLA's Close hails Betts' mental health 'courage'OKC won't make White House visit, cites 'timing'Iowa St.'s Jefferson sprains ankle; X-rays negative📸 Men's NCAA tourney first-round superlatives",ESPN,en,https://www.espn.com/mens-college-basketball/story/_/id/48262632/tennessee-ends-miami-ohio-season-men-ncaa-tournament-first-round,2026-03-21,,Basketball,5,,,
"WOMEN'S FIRST-ROUND REACTIONWomen's March Madness live tracker: Updates from Friday's first roundWe're following all the action from 16 games throughout Day 1 of the women's NCAA tournament.10hESPNRon Jenkins/Getty ImagesWomen's March Madness Day 1 takeaways: Scores, analysis, recapsWe're breaking down all 16 games Friday and how each winner can advance to the Sweet 16.58mESPN🏆 Check your brackets✍️ Bracket busted? Try a Second Chance Bracket!",ESPN,en,https://www.espn.com/womens-college-basketball/story/_/id/48258567/womens-march-madness-live-tracker-updates-ncaa-tournament-first-round-friday-2026,2026-03-21,,Tennis,5,,,
An ownership subplot is complicating Giannis trade watch in Milwaukee14hRamona Shelburne,ESPN,en,https://www.espn.com/nba/story/_/id/48225217/how-unique-milwaukee-bucks-ownership-structure-impacts-giannis-antetokounmpo-trade-wes-edens-jimmy-haslam-marc-lasry,2026-03-21,,Autre,5,,,
NBA SCOREBOARD📅 Complete scoreboard⬆⬇ Standings,ESPN,en,https://www.espn.com/nba/scoreboard,2026-03-21,,Basketball,5,,,
"MEN'S TOURNAMENT TAKEAWAYSChase Johnston's first 2-pointer, no subs for Siena and more men's NCAA first-round superlativesWhat were the coolest, weirdest and most notable things to happen in the men's NCAA tournament's first round? We've got some of the best right here.3hKalan HooksJacob Kupferman/Getty ImagesLooking back at Day 1 of men's March MadnessOur reporters detail how each game was won Thursday and look ahead to the matchups created for Saturday.21hESPN🏆 Bracket already busted? Get a second chance!📅 Tournament schedule",ESPN,en,https://www.espn.com/mens-college-basketball/story/_/id/48262044/2026-mens-march-madness-first-round-tournament-superlatives,2026-03-21,,Tennis,5,,,
LIU'S MARCH ENDS WITH SOME MAGICLIU's 'fins up' chant has turned a near-empty gym into March magicA few college basketball fanatics were looking for a local team to root for in 2023. They landed on the LIU Sharks.14hJ.J. Post,ESPN,en,https://www.espn.com/mens-college-basketball/story/_/id/48240515/long-island-university-sharks-fins-up,2026-03-21,,Basketball,5,,,
Sports Illustrated FC,90min,en,https://si.com/soccer,2026-03-21,,Autre,4,,,
Sports Illustrated Fútbol,90min,en,https://si.com/es-us/futbol,2026-03-21,,Football,4,,,
90min France,90min,en,https://90min.com/fr,2026-03-21,,Autre,4,,,
90min Deutschland,90min,en,https://90min.de,2026-03-21,,Autre,4,,,
90min Brasil,90min,en,https://90min.com/pt-br,2026-03-21,,Autre,4,,,
90min Italia,90min,en,https://90min.com/it,2026-03-21,,Autre,4,,,
