title,source
Spurs answer Tudor's call with show of fight in the face of crisis,BBC Sport
'Wake up... or be happy with Conference League',BBC Sport
'Best racing ever' or 'a joke'? The row over the new F1,BBC Sport
"New puppy, getting engaged and a title - Sabalenka triumphs at Indian Wells",BBC Sport
Young snatches Players title from Fitzpatrick,BBC Sport
Guardiola sympathises - but can he help Haaland out of rut?,BBC Sport
Have Old Firm wrestled title momentum away from Hearts?,BBC Sport
Winter Paralympics closes with memorable ceremony,BBC Sport
Sinner matches Federer & Djokovic with Indian Wells win,BBC Sport
Carrick continues to make case for permanent Man Utd role,BBC Sport
Borthwick 'perfect person' to take England to World Cup,BBC Sport
Serial winners Chelsea block out noise to triumph again,BBC Sport
"Cross or shot? Brighton's Minteh reacts to win at Sunderland  Video, 00:04:21Cross or shot? Brighton's Minteh reacts to win at Sunderland",BBC Sport
"Sunderland need to stay hungry - director of football Ghisolfi. Video, 00:02:36Sunderland need to stay hungry - director of football Ghisolfi",BBC Sport
"'You can be the victim or change' - Tudor on Spurs mentality  Video, 00:02:27'You can be the victim or change' - Tudor on Spurs mentality",BBC Sport
"'I do what's best for the team' - Guardiola on Real Madrid defeat. Video, 00:00:33'I do what's best for the team' - Guardiola on Real Madrid defeat",BBC Sport
"How Wrexham are getting 'Premier League ready' Video, 00:05:20How Wrexham are getting 'Premier League ready'",BBC Sport
How does Premier League survival battle stand?,BBC Sport
The five frantic minutes that could shape Leeds' season,BBC Sport
Several clubs track Newcastle's Hall - Monday's gossip,BBC Sport
Raphinha nets hat-trick as Barca hit five past Sevilla,BBC Sport
What next for Dowman - how do you look after a precious talent?,BBC Sport
Ferrari's Hamilton 'has mojo back' - driver ratings,BBC Sport
Spain-Argentina Finalissima in Qatar cancelled,BBC Sport
Why GB are 'positive' despite just one medal at Winter Paralympics,BBC Sport
"After 'tropical' weather, should the Winter Paralympics be moved?",BBC Sport
Paralympic joy will 'fortify' rest of Zyw's life with MND,BBC Sport
'From earthquake rubble to top of the Dolomites' - Haiti's first Winter Paralympian,BBC Sport
'Wind taken out of Scottish sails' by Ireland defeat - Jones,BBC Sport
France squeeze past England to win U20 Grand Slam,BBC Sport
Leaders Man City frustrated by spirited Aston Villa,BBC Sport
Bespoke women's football stadiums? Why US sides are making the move,BBC Sport
'England's worst Six Nations is an unfair reflection',BBC Sport
Vingegaard claims maiden Paris-Nice title,BBC Sport
DeChambeau wins LIV Singapore in play-off drama,BBC Sport
'Seconds from title but Ireland can take positives',BBC Sport
"Rosenior says referee should focus on job, not Chelsea huddle",BBC Sport
James praises Doncic after overtime Lakers winner,BBC Sport
Arsenal beat London City to maintain fight for Europe,BBC Sport
Gordon hits back at 'complete nonsense' from Rooney and Shearer,BBC Sport
Quiz: Who does Dowman join as Premier League's 10 youngest scorers?,BBC Sport
Unbalanced Man City cling to faint title hopes as Haaland struggles,BBC Sport
"Inside the stadiums of the future. Video, 00:09:55Inside the stadiums of the future",BBC Sport
"How are Tudor's tactics hurting Spurs? Video, 00:02:09How are Tudor's tactics hurting Spurs?",BBC Sport
"Ireland, Scotland or France - who will win the Six Nations title? Video, 00:08:30Ireland, Scotland or France - who will win the Six Nations title?",BBC Sport
"'It's a balance' - Hussey on Welsh Fire's big spending. Video, 00:01:19'It's a balance' - Hussey on Welsh Fire's big spending",BBC Sport
"'I've learned a lot' - Rutter on Brighton boss Hurzeler. Video, 00:01:22'I've learned a lot' - Rutter on Brighton boss Hurzeler",BBC Sport
"Football in Greenland: The 'toughest' championship in the world? Video, 00:05:59Football in Greenland: The 'toughest' championship in the world?",BBC Sport
"The stunning football pitches hiding in the Arctic Circle. Video, 00:04:56The stunning football pitches hiding in the Arctic Circle",BBC Sport
"Exploring Britain's most extraordinary cricket grounds. Video, 00:06:49Exploring Britain's most extraordinary cricket grounds",BBC Sport
"How does British football food rate with European fans? Video, 00:01:39How does British football food rate with European fans?",BBC Sport
"Inside the $5bn World Cup stadium in California. Video, 00:02:49Inside the $5bn World Cup stadium in California",BBC Sport
Frank's downfall: Inside his struggle to get players and fans onboard,BBC Sport
What is the future of the Winter Olympics?,BBC Sport
'I've been flying through the air without skis on - that is a weird feeling',BBC Sport
"Happy tennis, serious name - how history-maker Alcaraz clinched career Slam",BBC Sport
"Cages, crushes and stabbings - is European away safety getting worse?",BBC Sport
"Rejections, depression & promise to his mum - Thiago's route to top",BBC Sport
"Tactics, transfers and turmoil - inside the fall of Amorim",BBC Sport
A finale worthy of the greatest Six Nations in history,BBC Sport
"Brentford, the World Cup and an itch to return to Gaelic football",BBC Sport
"They were told it wasn't for girls, but these could be the future faces of F1",BBC Sport
Too good to go down? Ranking shock Premier League relegations,BBC Sport
Jason Tindall - the most misunderstood man in football?,BBC Sport
"Football Daily. PL Review: Spurs turn a corner as Arsenal pull clear. Audio, 41 minutesFootball DailyPL Review: Spurs turn a corner as Arsenal pull clear",BBC Sport
"Rugby Union Weekly. Six Nations: France claim the title in the last second. Audio, 51 minutesRugby Union WeeklySix Nations: France claim the title in the last second",BBC Sport
"Motherâs Day Special with Ellen White and Celin Bizet. Audio, 30 minutesMotherâs Day Special with Ellen White and Celin Bizet",BBC Sport
"Football Daily. Euro Leagues: Is Valverde the worldâs most underrated player? Audio, 51 minutesFootball DailyEuro Leagues: Is Valverde the worldâs most underrated player?",BBC Sport
"More than the Score. Max Verstappen: Why an F1 great is taking on a 24-hour race. Audio, 24 minutesMore than the ScoreMax Verstappen: Why an F1 great is taking on a 24âhour race",BBC Sport
"Stumped. Menâs T20 World Cup Final: India demolish New Zealand to retain title. Audio, 44 minutesStumpedMenâs T20 World Cup Final: India demolish New Zealand to retain title",BBC Sport
Discover the BBC's best sports podcasts,BBC Sport
Where and how to watch BBC News,BBC Sport
Find out more about our BBC Sport app,BBC Sport
Les articles populaires,Le360 Sport
برشلونة وإشبيلية | عفوًا رافينيا لن تخدع احدًا.. والجماهير لن تنسى ما فعله يا كانسيلو!,Goal
"ورط مدافع لوهافر في ""طرد"" جدلي: لعنة مدريدية تطارد إندريك في ليون .. والضغط يهدد حلمه مع أنشيلوتي!",Goal
"ليفربول وتوتنهام | مباراة من الدوري الصومالي.. ""فيفا ستريت"" تغضب النسخة الأسوأ من صلاح!",Goal
خسارة وركلة جزاء ومشادة وطرد.. ماذا قدم حمزة عبد الكريم في ليلة سقوط برشلونة أمام بيتيس؟!,Goal
"انتخابات مخيفة في كتالونيا.. لماذا رفض أعضاء برشلونة وعود الأرقام واختاروا ""كاريزما"" لابورتا؟",Goal
"هنيئًا إنتر: ثأر الأولمبيكو يفسد حلم ""مئوية مودريتش"" .. ولاعب لاتسيو مدين بالاعتذار إلى أسطورة ميلان!",Goal
شطرنج الأساطير.. 6 لحظات ممتعة حرمتنا منها الحرب بإلغاء الفيناليسيما!,Goal
نيمار وديباي يصنعان المشهد: مغامرة قائد سانتوس لا تكفي .. الحظ خدمه وجيد أن أنشيلوتي لا يوجد في المدرجات!,Goal
جدول مباريات اليوم الإثنين 16 مارس 2026 والقنوات الناقلة والمعلقين,Goal
الأمريكيون في الخارج: بالوغون لا يُقهر، وبوليسيتش وميلان يتعثران,Goal
الدوري الألماني، نيميشا يطرح الحكم أرضًا ويتلقى بطاقة حمراء... مع تحية خاصة,Goal
أخبار الاتحاد اليوم | ثلاثي محلي في خطة الميركاتو .. اعتراف برفع الراية البيضاء ومخاوف من تكرار أزمة شراحيلي مجددًا!,Goal
"أداني: ""لياو؟ لا يمكنه البقاء في هذه المستويات، فهناك على الأقل 30 لاعبًا أفضل منه. أما مع إيبرا...""",Goal
كارريك يوجه رسالة قوية إلى مانشستر يونايتد بشأن مستقبل فرنانديز,Goal
جدول مباريات الأهلي في دوري أبطال إفريقيا 2026 والقنوات الناقلة,Goal
جدول مباريات دوري أبطال أفريقيا 2026 والقنوات الناقلة,Goal
"هيرنانيس: ""لم ينجح أي شيء في ميلان. والآن علينا التركيز على كومو ويوفنتوس""",Goal
فيرنانديز يكشف عن إلهامه من بيكهام بعد تحطيم رقمه القياسي,Goal
"تشيتشو غراتزاني: ""لياو يلعب كما يشاء، ويستهزئ بخططنا""",Goal
"أمبروسيني: ""هل ميلان مرشح للفوز باللقب؟ إنهم أقرب إلى المركز الخامس منهم إلى المركز الأول""",Goal
"""ليفربول بطل سيئ"" - انتقادات لاذعة للريدز بعد التعادل مع توتنهام",Goal
كوستاكورتا: «لو كنت في ميلان الآن، لكان عليّ أن أنظر إلى ورائي»,Goal
"دي كانيو: ""لياو تجاوز الحدود! أليجري غاضب للغاية، وهو محق في ذلك""",Goal
"أليجري: ""كان الجميع يتحدث عن لقب الدوري، والآن علينا الحذر حتى لا نضيع فرصة التأهل إلى دوري أبطال أوروبا""",Goal
"فيديو | ""قد يعيد لي شعري!"" .. تييري هنري يعلق على ثلاثية ريال مدريد ضد مانشستر سيتي",Goal
فيديو | رد قاسي من أرتيتا على انتقادات مدرب برايتون لأسلوب لعب آرسنال,Goal
فيديو | تقمص دور نيمار قبل ريمونتادا باريس .. تصريح تاريخي لفليك قبل مواجهة أتلتيكو,Goal
فيديو | رونالدو يهدر ركلة جزاء أمام الفيحاء!,Goal
فيديو | ديربي ال8 أهداف .. شاهد ملخص قمة الشباب والهلال,Goal
لماذا يريد برشلونة التعاقد مع باستوني: إنه في مقدمة قائمة الأهداف,Goal
كارريك يتحدث عن مستقبل كاسيميرو بعد أن حثه مشجعو مانشستر يونايتد على البقاء,Goal
"تاري: ""إذا أراد مودريتش تجديد العقد، فهو جاهز بالفعل، فهو يحب ميلان""",Goal
آشلي كول إلى تشيزينا، ماذا وراء ذلك؟ أسباب هذا الاختيار,Goal
مانشستر سيتي يخطط لصفقة انتقال مفاجئة من توتنهام لضم وجه مألوف,Goal
أخبار الاتحاد اليوم | ثلاثي محلي في خطة الميركاتو .. اعتراف برفع الراية البيضاء ومخاوف من تكرار أزمة شراحيلي مجددًا!,Goal
"وداعًا ""الأباتشي"" عبدالرحمن البيشي: سجل أول أهدافه في الهلال .. والقدر خالف توقعات الأطباء بعد مرضه!",Goal
فيليكس يثبت نفسه! نجم «النصر» يكشف كيف أنهى فترة الجفاف التهديفي,Goal
اتصال جديد من رونالدو مع جيسوس ولاعبي النصر .. وكشف مستجدات الإصابة,Goal
"""الهلال سيحقق الثلاثية إذا .."" .. توقع جريء من سامي الجابر بخصوص كتيبة إنزاجي",Goal
كارريك يوجه رسالة قوية إلى مانشستر يونايتد بشأن مستقبل فرنانديز,Goal
فيرنانديز يكشف عن إلهامه من بيكهام بعد تحطيم رقمه القياسي,Goal
"""ليفربول بطل سيئ"" - انتقادات لاذعة للريدز بعد التعادل مع توتنهام",Goal
"""خيارات أفضل بكثير"" - كين ينصح مانشستر يونايتد بعدم تعيين كاريك",Goal
الدوري الإنجليزي الممتاز غير متوقع: ثلاثة أندية كبرى مهددة بالهبوط,Goal
"""مثير للصدمة تمامًا"" - كاراغر ينتقد فيكاريو بشدة بسبب هدف زوبوسلاي",Goal
ريال مدريد يمنح مبابي دفعة معنوية قبل مواجهة مانشستر سيتي,Goal
نيوكاسل يكشف عن آخر مستجدات حالة تونالي البدنية قبل مواجهة برشلونة,Goal
مبابي في خضم خلاف بين النادي والمنتخب الوطني,Goal
"— Galthié, ce sélectionneur qui n'utilise pas toujours son banc",L'Equipe
— La ministre des Sports battue à Aix-les-Bains,L'Equipe
— Blanco légèrement en tête à Biarritz,L'Equipe
— Votez pour la plus belle photo du Tournoi,L'Equipe
— Laborde : «Les joueurs sont allés au bout d'eux-mêmes»,L'Equipe
— Le record incroyable de Bielle-Biarrey,L'Equipe
— Tournoi : le classement final,L'Equipe
— F1 : le classement du GP de Chine,L'Equipe
— F1 : le classement des pilotes,L'Equipe
— Indian Wells : le tableau hommes,L'Equipe
— Indian Wells : le tableau femmes,L'Equipe
Richarlison stuns Anfield to earn precious point for Spurs,Sky Sports
Carragher slams Liverpool display against Spurs as hopes of CL spot hit,Sky Sports
Man Utd take control of CL qualification race with confident Villa win,Sky Sports
"Young snatches Sawgrass epic as Åberg, Fitzpatrick miss out",Sky Sports
Antonelli comes of age - but is he ready for Russell title battle?,Sky Sports
Calvert-Lewin misses penalty as refereeing drama sees 10-man Leeds draw at Palace,Sky Sports
Sinner hails F1 star Antonelli after securing first Indian Wells title,Sky Sports
Forest climb out of bottom three after stalemate with Fulham,Sky Sports
Hamilton: First Ferrari podium proved my 'biggest challenge',Sky Sports
Neville: Man Utd right to let 'exceptional' Casemiro leave,Sky Sports
Sabalenka beats Rybakina in thrilling Indian Wells final,Sky Sports
Skinner rues 'rubbish' Chelsea goals as Blues beat Man Utd in League Cup final,Sky Sports
Rangers beat St Mirren to close in on Hearts and Celtic,Sky Sports
Papers: Dowman compared to Messi by former England captain,Sky Sports
Fernandes hits new heights as Liverpool's issues recur against fighting Spurs,Sky Sports
Man Utd latest: No jeopardy for Carrick and better options out there - Keane,Sky Sports
Åberg rues late 'spiral' and blowing big lead | 'It definitely stings!',Sky Sports
'Not the week I wanted' - Could poor Players change Rory's Masters plans?,Sky Sports
"Thrilling Six Nations leaves questions for England, Scotland, Ireland, Wales",Sky Sports
WSL round-up: Man City stutter as Arsenal win and Liverpool pile pressure on Leicester,Sky Sports
Nijman beats Price in final to secure European Darts Trophy,Sky Sports
Bunting 'really hurt' by fan boos as whistling 'spoils' darts again in Germany,Sky Sports
Young holds off Fitzpatrick to claim Players win | Round four highlights,Sky Sports
Spurs snatch vital point with Richarlison's late leveller at Anfield,Sky Sports
Super-sub Sesko scores again as Man Utd seal HUGE win in race for CL,Sky Sports
McIlroy magic! Rory drives green with MONSTER 373-yard tee shot,Sky Sports
James and Beever-Jones help Chelsea beat Man Utd to lift League Cup again,Sky Sports
Sky Vegas Prize Machine,Sky Sports
Upgrade to Sky Sports to watch more games than ever before,Sky Sports
Not got Sky? Get instant access to Sky Sports with no contract,Sky Sports
Andrews Q&A: Brentford head coach answers readers' questions,Sky Sports
Championship talking points: Ipswich capitalise on slip-ups as promotion race twists again,Sky Sports
The female football coach making history in Germany,Sky Sports
EFL latest: Portsmouth vs Derby live on Sky on Monday night,Sky Sports
Which sides did the best business at inaugural Hundred auction?,Sky Sports
Off the Court: Physicality and Super Netball with Sara Francis-Bayman,Sky Sports
"Oscars live: Sinners takes first award, as no-show Sean Penn wins best supporting actor",Sky Sports
Oscars fashion 2026: All the best looks from the red carpet,Sky Sports
Starmer speaks to Trump; Netanyahu dispels 'death' conspiracy theory; drone hits US base in Iraq,Sky Sports
'You can always count on him' - Bruno hailed after breaking Beckham's 26-year record,Eurosport
Late Richarlison goal earns point for struggling Spurs at Liverpool,Eurosport
Highlights: Leicester rout Exeter to win PREM Rugby Cup,Eurosport
United beat Villa to boost push for Champions League qualification,Eurosport
Tigers romp to PREM Rugby Cup final win over Exeter Chiefs,Eurosport
Lazio beat Milan to dent Rossoneri title hopes,Eurosport
Sinner joins Djokovic and Federer in history books after landmark Indian Wells triumph,Eurosport
Djokovic withdraws from Miami Masters due to shoulder injury,Eurosport
Sabalenka celebrates maiden Indian Wells triumph on court with her new puppy,Eurosport
Highlights: Hat-trick hero Matthews keeps Gloucester-Hartpury perfect with win over Saracens,Eurosport
0h22 Le sacre pour Jannik Sinner!,RMC Sport
0h21 Deux balles de match!,RMC Sport
0h19 Sinner refait son retard,RMC Sport
Des résultats sans appel: Joan Laporta réélu président du Barça avec une très large avance,RMC Sport
"Real Madrid: Mbappé, attendu face à Manchester City en Ligue des champions",RMC Sport
Jeux paralympiques 2026: Milan-Cortina a passé le relais à la France pour 2030,RMC Sport
"France-Angleterre: défense, mêlée, jeu au sol et collisions, ces secteurs qui inquiètent chez les Bleus malgré le trophée du 6 Nations 2026",RMC Sport
Rennes-Lille: les Dogues remportent une victoire précieuse en Bretagne,RMC Sport
Rennes-Lille: un homme blessé après une rixe entre supporters,RMC Sport
"Nice: ""Il a besoin qu'on l'aime"", comment Wahi a retrouvé son meilleur niveau avec les Aiglons",RMC Sport
"Le Havre-OL: à 11 contre 10, les Lyonnais lâchent encore des points et poursuivent leur mauvaise série",RMC Sport
"""C'est un message envoyé à Pogacar"": Christian Prudhomme relance le duel Vingegaard/Pogacar pour le Tour de France",RMC Sport
"Paris-Nice: Lenny Martinez s'impose devant Jonas Vingegaard, le Danois remporte le général",RMC Sport
"Paris-Nice : ""C'est fou de gagner cette dernière étape"" se réjouit Martinez après son sprint face à Vingegaard",RMC Sport
"Municipales 2026: l'ancien rugbyman Serge Blanco très légèrement en tête à Biarritz, à 12 voix près",RMC Sport
Municipales 2026: un électeur de Roubaix a voté... pour Thomas Ramos,RMC Sport
"""C'est une semaine sur laquelle on va pouvoir s'appuyer pour le futur"", confie Félix Lebrun après sa victoire sur le WTT Champions de Chongqing",RMC Sport
"Après le XV de France, les U20 français remportent le Tournoi des 6 nations en réalisant le Grand Chelem",RMC Sport
"""Qui a dit que je prenais ma retraite?"", la réponse de Lindsey Vonn à un internaute à propos des rumeurs sur sa fin de carrière",RMC Sport
"Jeux paralympiques 2026: ""Les objectifs ne sont pas atteints"", le bilan ""frustrant"" de l'équipe de France avec 12 médailles décrochées",RMC Sport
"Ski de fond: ""Je vomis presque partout sur le sentier"", un fondeur enchaîne les bières et termine la course ivre avec les athlètes féminines",RMC Sport
Chelsea-PSG: la billetterie des Blues au cœur des tensions chez les supporters,RMC Sport
Masters 1000 d'Indian Wells: Jannik Sinner impérial sur dur pour remporter son premier titre à Indian Wells,RMC Sport
"""Tant que tu peux jouer et que les conditions sont réunies, il faut en profiter"": Olivier Giroud entretient le flou sur son avenir à Lille... et dans le foot",RMC Sport
PRONOS PARIS RMC Le pari du jour du 16 mars - Ligue 2,RMC Sport
PRONOS PARIS RMC Le pari à domicile du 16 mars - Premier League - Angleterre,RMC Sport
PRONOS PARIS RMC Le pari à l'extérieur du 16 mars - Serie A - Italie,RMC Sport
Des résultats sans appel: Joan Laporta réélu président du Barça avec une très large avance,RMC Sport
Jeux paralympiques 2026: Milan-Cortina a passé le relais à la France pour 2030,RMC Sport
Rennes-Lille: les Dogues remportent une victoire précieuse en Bretagne,RMC Sport
Municipales 2026: un électeur de Roubaix a voté... pour Thomas Ramos,RMC Sport
"Municipales 2026: l'ancien rugbyman Serge Blanco très légèrement en tête à Biarritz, à 12 voix près",RMC Sport
"France-Angleterre: défense, mêlée, jeu au sol et collisions, ces secteurs qui inquiètent chez les Bleus malgré le trophée du 6 Nations 2026",RMC Sport
"Après le XV de France, les U20 français remportent le Tournoi des 6 nations en réalisant le Grand Chelem",RMC Sport
"Real Madrid: Mbappé, attendu face à Manchester City en Ligue des champions",RMC Sport
"""C'est une semaine sur laquelle on va pouvoir s'appuyer pour le futur"", confie Félix Lebrun après sa victoire sur le WTT Champions de Chongqing",RMC Sport
"""C'est un message envoyé à Pogacar"": Christian Prudhomme relance le duel Vingegaard/Pogacar pour le Tour de France",RMC Sport
Rennes-Lille: un homme blessé après une rixe entre supporters,RMC Sport
"Le Havre-OL: à 11 contre 10, les Lyonnais lâchent encore des points et poursuivent leur mauvaise série",RMC Sport
“Ça pourrait ruiner le sport”: Verstappen en remet une couche sur le nouveau règlement en Formule 1 après le Grand Prix de Chine,RMC Sport
"""Qui a dit que je prenais ma retraite?"", la réponse de Lindsey Vonn à un internaute à propos des rumeurs sur sa fin de carrière",RMC Sport
"Ski de fond: ""Je vomis presque partout sur le sentier"", un fondeur enchaîne les bières et termine la course ivre avec les athlètes féminines",RMC Sport
"""Finalissima"" Espagne-Argentine: Lionel Messi à l'origine des refus de la fédération argentine pour essayer de trouver une nouvelle date ?",RMC Sport
"Strasbourg-Paris FC: tenus en échec par les Parisiens, les Alsaciens prennent du retard dans la course au top 6",RMC Sport
"Mercato: dans le viseur de Tottenham, De Zerbi préfèrerait attendre la fin de saison",RMC Sport
"Paris-Nice: Lenny Martinez s'impose devant Jonas Vingegaard, le Danois remporte le général",RMC Sport
Biathlon (Otepaa): un podium surprise et une équipe de France en difficulté sur le relais mixte,RMC Sport
Jeux paralympiques 2026: Anthony Chalençon apporte une 12e et dernière médaille à l'équipe de France,RMC Sport
"Jeux paralympiques 2026: ""Les objectifs ne sont pas atteints"", le bilan ""frustrant"" de l'équipe de France avec 12 médailles décrochées",RMC Sport
"Tirreno-Adriatico: la dernière étape pour Milan, le général pour Del Toro, grosse chute de Magnier",RMC Sport
France-Angleterre: quatre essais en un match et une impression de dépendance... Comment Louis Bielle-Biarrey a changé de dimension avec les Bleus lors des 6 Nations,RMC Sport
"Bayern: Ulreich blessé, les Bavarois perdent leur troisième gardien en une semaine",RMC Sport
Guerre au Moyen-Orient: la Finalissima Espagne-Argentine annulée en raison du contexte géopolitique,RMC Sport
"""Il n'y avait plus grand chose qui m'animait"": Alexis Pinturault explique pourquoi il raccroche les skis et se projette sur son avenir en dehors des pistes",RMC Sport
"Barça: instant malaise pour Ter Stegen, venu voter pour élire le président du club mais absent des listes électorales",RMC Sport
"Biathlon: ""Une belle erreur"", la boulette d’Emilien Jacquelin qui disqualifie les Bleus du relais mixte simple à Otepaa",RMC Sport
"Tennis de table: impérial à Chongqing, Félix Lebrun s'offre son deuxième titre en WTT Champions",RMC Sport
"Judo: Clarisse Agbégnénou annonce la naissance de son second enfant, deux ans avant les JO 2028",RMC Sport
Tirreno-Adriatico: menaces et coureur saisi par le col... Ça a chauffé à l'arrivée de la 6e étape,RMC Sport
"Triomphe des Bleus, surprises, suspense et pluie d’essais… Ce Tournoi des 6 Nations était-il le plus beau de l'histoire?",RMC Sport
Ligue 2: 10 blessés après des affrontements entre supporters de Grenoble et Saint-Etienne avant la rencontre,RMC Sport
France-Angleterre: une audience TV XXL pour la victoire des Bleus dans le Tournoi des 6 Nations 2026,RMC Sport
Les pronos hippiques du lundi 16 mars 2026,RMC Sport
France-Angleterre: pourquoi ce Crunch va rester dans la légende selon Philippe Saint-André,RMC Sport
"France-Angleterre: ""Je me dis qu'il est complètement fou"", Jalibert raconte la folle pénalité de Ramos",RMC Sport
"F1 (Chine): Antonelli remporte son premier Grand Prix et confirme la domination de Mercedes, Gasly et Hadjar dans les points",RMC Sport
"France-Angleterre: une victoire ""dramatique"" des Bleus, de ""l'honneur dans la défaite""... La presse britannique sonnée par un Crunch de légende",RMC Sport
France-Angleterre: la grosse tentative de déstabilisation d'Itoje sur Ramos avant la pénalité de la gagne,RMC Sport
"France-Angleterre: Ramos offre le Crunch sur le gong, les Bleus remportent le Tournoi des 6 Nations !",RMC Sport
"France-Angleterre: ""Le palpitant est à son max"", le héros Thomas Ramos raconte sa pénalité légendaire",RMC Sport
"NBA: nouvelle démonstration pour Wembanyama avec les Spurs, qui déclare ""vouloir gagner le titre de MVP""",RMC Sport
"France 48-46 Angleterre : Un Crunch suffocant, les Comm's RMC",RMC Sport
OM 1-0 Auxerre : Amine Gouiri délivre les Marseillais ! (Comms RMC),RMC Sport
"FC Nantes : Coach Vahid-Rothen, mission réconciliation",RMC Sport
"Celta 1-1 OL : grâce à Endrick, les Lyonnais arrachent le minimum syndical",RMC Sport
"PSG 5-2 Chelsea : Le PSG prend une option sur la qualification, les comms RMC",RMC Sport
"""Elle est bien entendu la bienvenue"", Trump prêt à accueillir l'Iran pour la CDM 2026",RMC Sport
"NBA : 83 POINTS ! Performance magistrale d'Adebayo, 2e meilleur marqueur de tous les temps",RMC Sport
"""Il n'était pas seul..."", Guardiola s'amuse du passage de Mbappé à Paris",RMC Sport
"""Plus dur de gagner la 1ère LDC"" estime Luis Enrique",RMC Sport
"""Ce n'est pas un problème"", Barcola pas inquiet de son manque d'efficacité",RMC Sport
Seixas chez UAE Emirates XRG ? Jérôme Pineau n'y croit pas du tout,RMC Sport
"Ligue 1 : ""Possible d'avoir un nouveau champion de France"", pourquoi Umtiti croit en Lens face au PSG",RMC Sport
"OL 1-1 Paris FC : ""S'il veut aller à la Coupe du monde..."", Endrick devenu trop perso ?",RMC Sport
"Nice 0-4 Rennes : ""Pas d'importance"" Haise méprise des banderoles insultantes",RMC Sport
"Toulouse 0-1 OM : Marseille soulagé, les Comms RMC",RMC Sport
Rothen sélectionneur : Griezmann serait-il encore une plus-value pour l'équipe de France ? – 11/03,RMC Sport
La Belgique et Rudi Garcia à la recherche d'une nouvelle dynamique,RMC Sport
"Rothen sélectionneur : Gusto, Fofana, Badiashile... Les Français de Chelsea jouent-ils gros face au PSG ? – 09/03",RMC Sport
Rothen sélectionneur : Jérôme nous annonce une liste avec 3 changements ! – 09/03,RMC Sport
Le Sénégal : un nouveau statut à assumer !,RMC Sport
"Rothen sélectionneur - Duga : ""Ekitike me bluffe à Liverpool."" – 02/03",RMC Sport
"Emilien Pitavy, dernière recrue du Team Pro Winamax. Des tournois à 1€ aux HR à 250.000€ – 15/03",RMC Sport
600.000$ de gains depuis sa dernière visite à RMC. Benoit Grobocopatel est en feu après sa 5ème place sur Pokerstars Open de l'EPT Paris – 15/03,RMC Sport
"La peur au poker. Ce sentiment qui fait déjouer. Claire Renaut, coach mentale nous dit tout – 15/03",RMC Sport
Dans la tête d'un fish avec une main jouée à 29 lefts du Main Event de l'EPT Paris 2024 – 15/03,RMC Sport
Comment Benoit Grobocopatel a perdu son abonnement au Parc des Princes à cause de son frère – 15/03,RMC Sport
Y a-t-il encore une part de superstition dans le poker ? – 15/03,RMC Sport
Les Grandes Gueules du sport,RMC Sport
Municipales 2026: un électeur de Roubaix a voté... pour Thomas Ramos,RMC Sport
"France-Angleterre: défense, mêlée, jeu au sol et collisions, ces secteurs qui inquiètent chez les Bleus malgré le trophée du 6 Nations 2026",RMC Sport
"Après le XV de France, les U20 français remportent le Tournoi des 6 nations en réalisant le Grand Chelem",RMC Sport
6 nations : Il était une fois le Tournoi 2026,RMC Sport
France-Angleterre: quatre essais en un match et une impression de dépendance... Comment Louis Bielle-Biarrey a changé de dimension avec les Bleus lors des 6 Nations,RMC Sport
Chelsea-PSG: la billetterie des Blues au cœur des tensions chez les supporters,RMC Sport
"Real Madrid: Mbappé, attendu face à Manchester City en Ligue des champions",RMC Sport
"PSG-Chelsea: ""Roy Keane faisait probablement ça 20 fois par match"", Rosenior défend Enzo Fernandez après sa soufflante sur Jorgensen",RMC Sport
"Real Madrid: Arbeloa ""confiant"" pour un retour de Mbappé contre Manchester City",RMC Sport
"""C’était impressionnant"", comment le fiasco des clubs anglais en Ligue des champions a motivé Aston Villa à Lille",RMC Sport
"PSG 5-2 Chelsea : ""Les Dieux du stade sont avec eux"", vers un retour du grand PSG ?",RMC Sport
"PSG 5-2 Chelsea : Kvara TUEUR, Barcola en FEU... La FORCE obscure parisienne de retour ? (After Paris)",RMC Sport
"EXCEPTIONNEL... et rester LUCIDE, Lorenzi évoque la Ligue des champions à Brest",RMC Sport
"Real 3-0 Man City : ""Retrouver cette grinta ? Un beau symbole"" juge Groleau après le triplé de Valverde",RMC Sport
PSG 5-2 Chelsea : Le débrief complet de l’After de la belle victoire parisienne !,RMC Sport
"Coupe du monde 2026: malgré la situation au Moyen Orient, l'Irak ira bien au Mexique pour disputer son match de barrage",RMC Sport
Coupe du monde 2026: l'équipe de France affrontera la Côte d'Ivoire début juin à Nantes,RMC Sport
"""Personne ne peut exclure l’équipe nationale iranienne de la Coupe du monde"": l'Iran répond à Donald Trump",RMC Sport
Coupe du monde 2026: l’Iran seul pays absent à la réunion de préparation,RMC Sport
"Grosse amende, exclusion: ce que risque l'Iran en cas de forfait pour la Coupe du monde 2026",RMC Sport
"TITULAIRES, EN BALLOTAGE, DES SURPRISES… Quels Français de Serie A iront au Mondial 2026 ? (After Italie)",RMC Sport
"""Elle est bien entendu la bienvenue"", Trump prêt à accueillir l'Iran pour la CDM 2026",RMC Sport
"Le Sénégal, un nouveau statut à assumer ! (After Coupe du monde)",RMC Sport
Mbappé : Une blessure de plus en plus inquiétante en vue de la CDM 2026 ?,RMC Sport
"OL : ""Je crois que Deschamps a changé de numéro"", le bel échange entre Umtiti et Tolisso",RMC Sport
"Coupe du monde : ""L'équipe est moins forte qu'en 2022"", le constat d'Hervé Renard sur l'Arabie saoudite",RMC Sport
"""Tant que tu peux jouer et que les conditions sont réunies, il faut en profiter"": Olivier Giroud entretient le flou sur son avenir à Lille... et dans le foot",RMC Sport
Rennes-Lille: les Dogues remportent une victoire précieuse en Bretagne,RMC Sport
Rennes-Lille: un homme blessé après une rixe entre supporters,RMC Sport
"Le Havre-OL: à 11 contre 10, les Lyonnais lâchent encore des points et poursuivent leur mauvaise série",RMC Sport
"Strasbourg-Paris FC: tenus en échec par les Parisiens, les Alsaciens prennent du retard dans la course au top 6",RMC Sport
"Rennes 1-2 Lille : la belle opération du Losc, le débrief complet de l'After foot",RMC Sport
"Rennes 1-2 Lille : la belle opération du Losc, le débrief complet de l'After foot",RMC Sport
"Rennes 1-2 Lille : ""Cette victoire est très importante"", confirme Giroud",RMC Sport
"Rennes 1-2 Lille : ""Une très très belle opération"", apprécie Genesio",RMC Sport
Monaco 2-0 Brest : Les Monégasques font le boulot sans accroc face aux pirates brestois ! (Débrief complet),RMC Sport
Lorient 2-1 Lens : Les Lensois trébuchent au Moustoir ! (Débrief complet),RMC Sport
"Mercato: dans le viseur de Tottenham, De Zerbi préfèrerait attendre la fin de saison",RMC Sport
"Brest: ""C'était dur à vivre"", Dina-Ebimbe raconte son transfert annulé à Monaco la saison dernière",RMC Sport
PSG: l’agent d’Ousmane Dembélé a rencontré le directeur sportif de Manchester City… mais pas pour Dembélé,RMC Sport
"Demande de passeport, échange avec Emerse Faé... Elye Wahi se rapproche de la sélection ivoirienne",RMC Sport
DIRECT. Mercato: Halilhodzic revient officiellement à Nantes,RMC Sport
Il n'en restera qu'un,RMC Sport
"""Mon corps m'a lâché"": Pierre Mignoni révèle avoir dormi ""cinq jours d'affilée"" après sa demande de repos",RMC Sport
6 nations: Oscar Jegou connaît sa sanction après son vilain geste face à l'Ecosse,RMC Sport
"""Personne ne veut abandonner Mayol mais il a fait son temps"": le RC Toulon a dévoilé son projet de nouveau stade",RMC Sport
"Jérôme Rey, Tani Vili, Axel Despérès... L'équipe-type de la 18e journée de Top 14",RMC Sport
Pau-UBB: la Section maîtrise Bordeaux et remonte à la 2e place,RMC Sport
"RC Toulon : “L'avenir du RCT est menacé”, annonce son président Bernard Lemaître",RMC Sport
"Rennes : ""Je vois à peu près ce qu'il peut vivre"", Haise comprend le retrait de Mignoni",RMC Sport
"RC Toulon : ""Il n'a pas lâché"", le staff rassure sur l'état de santé de Mignoni",RMC Sport
"RC Toulon : ""Je vais me laisser 48h et prendre mes responsabilités"" lance Mignoni",RMC Sport
"UFC: déception pour Oumar Sy, battu par soumission au premier round contre Cutelaba",RMC Sport
Sy - Cutelaba en direct : à quelle heure et sur quelle chaîne regarder le combat du Français à l'UFC Vegas ce soir ?,RMC Sport
"""Frustrant mais compréhensible"": quelle suite pour Nassourdine Imavov à l'UFC après l'annonce du combat Chimaev-Strickland?",RMC Sport
"L'UFC officialise le combat entre Chimaev et Strickland, Imavov va encore devoir attendre pour son title shot",RMC Sport
"UFC: ""Une fois de plus, Islam trouve une excuse"", Topuria accuse Makhachev de fuir et détruit son manager après son refus de combattre à la Maison Blanche",RMC Sport
"Mâchoire brisée, TKO violent et soumission, le Best Of de l'UFC Fight Night 269 !",RMC Sport
UFC Fight Night : Un TKO MONSTRUEUX entre l'expérimenté Emmett et la pépite argentine Vallejos !,RMC Sport
UFC Fight Night : Des crochets foudroyants et une MÂCHOIRE CASSÉE entre Hardwick et Rahiki,RMC Sport
UFC Fight Night : Une guillotine imparable entre le Français Oumar Sy et l'imprévisible Ion Cutelaba,RMC Sport
"UFC Maison Blanche : ""Je pense qu'il est blessé"", Dana White confirme que Saint Denis était prévu sur la carte",RMC Sport
“Ça pourrait ruiner le sport”: Verstappen en remet une couche sur le nouveau règlement en Formule 1 après le Grand Prix de Chine,RMC Sport
"F1 (Chine): Antonelli remporte son premier Grand Prix et confirme la domination de Mercedes, Gasly et Hadjar dans les points",RMC Sport
Guerre au Moyen-Orient: les Grands Prix de F1 de Bahreïn et d’Arabie saoudite annulés,RMC Sport
Grand Prix de Chine : à quelle heure et sur quelle chaîne TV regarder la course de Formule 1 ce dimanche ?,RMC Sport
F1 (GP de Chine): une pole position historique pour Antonelli,RMC Sport
"F1 : ""Je crains une domination de Mercedes jusqu'en juin"", confie Roy",RMC Sport
"F1 : Tous les classements avant le GP de Chine, 2e rendez-vous de la saison",RMC Sport
Débrief du GP d'Australie : On ne confond pas la F1 et Mario Kart ! (Paddock Pass),RMC Sport
"GP D'Australie : ""Mario Kart, ce n'est pas du pilotage"", Roy pas emballé par ""la nouvelle F1""",RMC Sport
"UFC: déception pour Oumar Sy, battu par soumission au premier round contre Cutelaba",RMC Sport
"Lutte: le Français Seyfulla Itaev devient champion d'Europe U23, une belle promesse pour les JO 2028",RMC Sport
Francis Ngannou de retour dans la cage: la star du MMA affrontera le Brésilien Philipe Lins au mois de mai,RMC Sport
Comment Aspinall réagit à l'annonce du combat entre Gane et Pereira à l'UFC Maison Blanche,RMC Sport
Pourquoi Benoît Saint Denis n’est pas sur la carte de l'UFC Maison Blanche selon Dana White,RMC Sport
"Christian Mbilli : Team Solide, JO, Canelo… Le champion WBC se raconte dans BABA VERSUS",RMC Sport
"Boxe : ""Ça a été un petit peu dur à vivre"", Yoka réagit aux rumeurs à propos d'un changement de nationalité",RMC Sport
"Boxe : Tony Yoka ? ""Il ne change pas de nationalité, il a dit qu'il changeait de fédération"" insiste Dominique Nato",RMC Sport
"""Les négociations sont en cours avec Canelo..."" s'impatiente Christian M'Billi, champion WBC des super-moyens",RMC Sport
Rennes - Lille : à quelle heure et sur quelle chaîne regarder le match de Ligue 1 en direct ?,RMC Sport
Barcelone - Séville en direct : à quelle heure et sur quelle chaîne regarder le match de Liga ?,RMC Sport
Grand Prix de Chine : à quelle heure et sur quelle chaîne TV regarder la course de Formule 1 ce dimanche ?,RMC Sport
Sy - Cutelaba en direct : à quelle heure et sur quelle chaîne regarder le combat du Français à l'UFC Vegas ce soir ?,RMC Sport
Real Madrid - Elche : à quelle heure et sur quelle chaîne TV regarder le match de Liga en direct ce soir ?,RMC Sport
Angers - Nice : sur quelle chaîne et à quelle heure regarder le match de Ligue 1 en direct ce soir ?,RMC Sport
Monaco - Brest : sur quelle chaîne TV et à quelle heure regarder le match de Ligue 1 en direct ?,RMC Sport
OM - Auxerre en direct : sur quelle chaîne TV et à quelle heure regarder le match de Ligue 1 ?,RMC Sport
Courir après la maladie : la magnifique revanche de 10 patients en rémission au Semi de Paris,RMC Sport
Ligue 1: le match Paris FC-Monaco avancé à cause du Marathon de Paris,RMC Sport
"Le Cabinet de Maitre Yodu : Yanis, papa, coureur… et crevé : comment tenir le rythme ?",RMC Sport
"2e meilleure perf' française sur Semi, victoire à Séville et ambitions au marathon de Paris : Manu Roudolff-Lévisse invité de RMC Running !",RMC Sport
"Marathon de Paris : Semi réussi, marathon en ligne de mire : place au cycle décisif !",RMC Sport
"Celta 1-1 OL : ""Il n'a peur de rien"", Fonseca loue Steeve Kango",RMC Sport
"""Je ne comprenais rien à ce qu'il me disait"", l'échange étrange entre Moussa Niakhaté et son gardien Dominik Greif",RMC Sport
"""Il me fatigue à tout vouloir faire tout seul"", Daniel Riolo exaspéré par le soliste Endrick",RMC Sport
"Celta Vigo-OL: Endrick arrache le nul en fin de match, Lyon devra faire la différence au retour",RMC Sport
"Lille 0-1 Aston Villa : les Dogues n'ont pas su se sublimer et s'inclinent, le débrief complet",RMC Sport
"Rijeka 1-2 Strasbourg : Le Racing se rapproche d'une qualification, le débrief complet de l'After Foot",RMC Sport
Rijeka-Strasbourg: ça a chauffé entre Barco et El Mourabet à la fin du match,RMC Sport
Rijeka-Strasbourg: le Racing repart de Croatie avec une victoire et se rapproche de la qualif en Ligue Europa Conférence,RMC Sport
Des supporters littéralement enfermés dans une cage: le parcage surprenant des supporters de Strasbourg à Rijeka,RMC Sport
Ligue Conférence 2026: le calendrier complet de Strasbourg pour les huitièmes de finale,RMC Sport
PRONOS PARIS RMC Le pari du jour du 16 mars - Ligue 2,RMC Sport
PRONOS PARIS RMC Le pari à domicile du 16 mars - Premier League - Angleterre,RMC Sport
PRONOS PARIS RMC Le pari à l'extérieur du 16 mars - Serie A - Italie,RMC Sport
PRONOS PARIS RMC Le pari du jour du 15 mars – Ligue 1,RMC Sport
PRONOS PARIS RMC Le nul du jour du 15 mars – Premier League – Angleterre,RMC Sport
"RMC Poker Show - Emilien Pitavy, dernière recrue du Team Pro Winamax",RMC Sport
"RMC Poker Show - La peur au poker, ce sentiment qui fait déjouer",RMC Sport
RMC Poker Show - 600 000$ de gains… Benoit Grobocopatel en feu depuis sa dernière visite,RMC Sport
"Rennes 1-2 Lille : la belle opération du Losc, le débrief complet de l'After foot",RMC Sport
"Rennes 1-2 Lille : la belle opération du Losc, le débrief complet de l'After foot",RMC Sport
"Rennes 1-2 Lille : ""Cette victoire est très importante"", confirme Giroud",RMC Sport
"Rennes 1-2 Lille : ""Une très très belle opération"", apprécie Genesio",RMC Sport
"Vingegaard gagne Paris-Nice : ""Un message à Pogacar"" sourit Prudhomme",RMC Sport
"""15 ans, 2m18, des mains en or"": voilà comment on présentait l'espoir Wembanyama il y a 5 ans",RMC Sport
"Boxe: Fury-Kinahan, les liaisons sulfureuses du ""Gypsy King"" avec un parrain de la mafia",RMC Sport
"UFC: Manon Fiorot, la combattante de feu qui peut devenir le visage du MMA français",RMC Sport
"Ligue 1: pointages, recommandés et situations ubuesques… Dans la peau d’un interdit de stade",RMC Sport
"NFT, cryptomonnaies, fan tokens: pourquoi et comment le sport se prend au jeu",RMC Sport
"Sorare, la start-up française qui révolutionne le football avec les NFT",RMC Sport
"Boxe: Bakary Samaké, l’exil forcé d’un talent précoce à l’ambition féroce",RMC Sport
"Football américain: Pierre Courageux, un Bleu globe-trotter comme un symbole",RMC Sport
"PFL: ""Parfois, j’oublie que j’ai des jambes"", Claressa Shields raconte son défi en MMA",RMC Sport
"Cristian Brocchi : ""Donner trop d’importance au résultat, ça va contre le développement des jeunes""",RMC Sport
Do you agree with this call? 🤔,Fox Sports
Aaron Judge ROBS Soto from hit 😱,Fox Sports
Roman Anthony gives USA the lead! 💪,Fox Sports
Caminero takes Skenes DEEP 😱,Fox Sports
Luis Severino is HYPED 😤,Fox Sports
"'Yes. It’s time to worry if you are a Chevrolet fan. Not full-fledged panic, but at least some concern.' Fast Thoughts with Bob Pockrass after Vegas:",Fox Sports
Will Daaaaaaa USA Lose? 🤔,Fox Sports
What a burnout from Denny Hamlin 💨,Fox Sports
Denny Hamlin made some serious history in Sin City today 👀,Fox Sports
'BIGGEST game in Dominican Republic history' 👀,Fox Sports
4 Takeaways From Inaugural Arlington Race: Kyle Kirkwood Wins With Big-Time Move,Fox Sports
2026 Oscars Odds: Could Movies with Deep Sports Ties Take Home Trophies?,Fox Sports
Alex Palou Couldn't Help But Praise Kyle Kirkwood's 'Super Clean' Racing at Arlington,Fox Sports
INDYCAR at Arlington Results: Kyle Kirkwood Outlasts Alex Palou,Fox Sports
Jerry Jones Compares Pato O'Ward's 'Controlled Intensity' to Deion Sanders' Approach,Fox Sports
INDYCAR NTT SERIES: Java House Grand Prix of Arlington 🏁 INDYCAR on FOX,Fox Sports
"POST-RACE INTERVIEWS: Kyle Kirkwood, Alex Palou & more after Java House Grand Prix of Arlington",Fox Sports
FINAL LAPS: Kyle Kirkwood holds off Alex Palou to win Java House Grand Prix of Arlington,Fox Sports
'It's beyond anything I could have expected' 🤩 Jerry Jones on bringing INDYCAR to Arlington,Fox Sports
INDY NXT: Java House Grand Prix of Arlington Highlights 🏁 INDYCAR on FOX,Fox Sports
4 Takeaways From Las Vegas Where Denny Hamlin Continues To Rule,Fox Sports
NASCAR Cup Series at Vegas Results: Denny Hamlin Holds Off Field for Win,Fox Sports
2026 NASCAR Odds: Kyle Larson Favorite for Las Vegas,Fox Sports
"How to Watch NASCAR at Las Vegas: TV Channel, Streaming, Time",Fox Sports
Alex Bowman to Miss Cup Race at Vegas due to Vertigo,Fox Sports
"Denny Hamlin, Chase Elliott & More Interviews after Las Vegas Motor Speedway 🎤 NASCAR on FOX",Fox Sports
NASCAR Cup Series: 2026 Pennzoil 400 at Las Vegas Motor Speedway Highlights 🏁 NASCAR on FOX,Fox Sports
"FINAL LAPS: Denny Hamlin takes checkered flag at Las Vegas, his 61st all-time win | NASCAR on FOX",Fox Sports
Comparing F1's Controversial New Car to NASCAR's Next Gen Car | SPEED,Fox Sports
"Ryan Blaney, Christopher Bell & More Post-Race Interviews after Phoenix Raceway 🗣️🎤 NASCAR on FOX",Fox Sports
"2026 NFL Free Agency Tracker: Eagles Re-Sign TE Dallas Goedert, More",Fox Sports
Jerry Jones Compares Pato O'Ward's 'Controlled Intensity' to Deion Sanders' Approach,Fox Sports
A.J. Brown Trade Rumors: Latest News Concerning Eagles' Star Wide Receiver,Fox Sports
Falcons GM: Tua Tagovailoa 'Coming in to Compete' With Michael Penix Jr.,Fox Sports
Why Former Bengals Star Trey Hendrickson Joined Ravens: 'I'm in Win-Now Window',Fox Sports
"Vikings sign Kyler Murray to 1-year deal, Any chance J.J. McCarthy starts again? | The Herd",Fox Sports
"Danny Parkins' NFL Tiers: Bears are a 'regression candidate' 👀Chargers = 'Our Team,'  Vikings can win Super Bowl | First Things First",Fox Sports
"Ravens cancel Maxx Crosby deal, What’s next for the Raiders? | The Herd",Fox Sports
Raiders ‘know what they’re doing’ trading Maxx Crosby & signing Tyler Linderbaum | The Herd,Fox Sports
"Dolphins sign Malik Willis to 3-year deal, Is this a good move for Miami? | The Herd",Fox Sports
Lionel Messi Tracker: Messi Sits Out In First MLS Draw Against Charlotte FC,Fox Sports
2026 Oscars Odds: Could Movies with Deep Sports Ties Take Home Trophies?,Fox Sports
Why USA's Christian Pulisic and AC Milan Contract Talks Are On Standby,Fox Sports
Alisson To Stay At Liverpool: Brazil Goalkeeper Sees Option Reportedly Picked Up,Fox Sports
Could USA's Tyler Adams Be On His Way To Manchester United?,Fox Sports
When a Player got Booked THREE TIMES in ONE Game 🤯 No. 88 in Best FIFA World Cup™ Moments 🏆,Fox Sports
Most CONTROVERSIAL VAR Decision? 🤔 No. 89 in Best FIFA World Cup™ Moments 🏆,Fox Sports
Is this the best team goal ever? 🤔 No. 90 in Best FIFA World Cup™ Moments 🏆,Fox Sports
This Goal Deserved a Happier Ending 🥲 No. 91 in Best FIFA World Cup™ Moments 🏆,Fox Sports
Nashville SC vs. Inter Miami CF Concacaf Champions Cup Highlights ⚽️ FOX Soccer,Fox Sports
Vanderbilt vs Arkansas,CBS Sports
Wichita St. vs South Florida,CBS Sports
Hofstra vs Charleston,CBS Sports
Evansville vs Murray St.,CBS Sports
Timberwolves vs Thunder,CBS Sports
Round 3 Highlights: THE PLAYERS Championship,CBS Sports
UFC Fight Night Highlights: Josh Emmett vs Kevin Vallejos,CBS Sports
UFC Fight Night Highlights: Andre Fili vs Jose Miguel Delgado,CBS Sports
UFC Fight Night Highlights: Amanda Lemos vs Gillian Robertson,CBS Sports
Kennesaw St. vs La. Tech,CBS Sports
Wisconsin vs Michigan,CBS Sports
San Diego St. vs Utah St.,CBS Sports
UFC Fight Night Highlights: Ion Cutelaba vs Oumar Sy,CBS Sports
Check out these top trending videos from CBS Sports HQ,CBS Sports
"How and where to bet on sports in March: Get over $5,000 in promos now",CBS Sports
"Vanderbilt vs. Arkansas odds, SEC Tournament picks from 10,000 sims",CBS Sports
"2026 NASCAR at Las Vegas picks from 10,000 simulations",CBS Sports
NCAA Tournament seed list: How committee ranked field,CBS Sports
Why Luka's winner might be the biggest shot of the season,CBS Sports
Wemby on hunt for hardware: 'I want to win MVP and DPOY',CBS Sports
Eagles re-sign Goedert; how TE's return impacts potential Brown trade,CBS Sports
Venezuela stuns reigning champ Japan to reach WBC semifinals,CBS Sports
DeChambeau wins in Singapore despite water ball in LIV Golf playoff,CBS Sports
Argentina-Spain match in Qatar canceled due to Iran conflict,CBS Sports
USMNT in for custody battle with Germany over younger defender,CBS Sports
Vallejos makes statement at UFC Fight Night with swift KO,CBS Sports
NFL mock: How free agency reshaped first three rounds,CBS Sports
Projecting college football's 10 scariest environments in 2026,CBS Sports
Ten best bargain signings during first week of NFL free agency,CBS Sports
Real Madrid rising star scores crazy goal from beyond midfield,CBS Sports
Michigan's Lendeborg leads transfers ready to shine in the March spotlight,CBS Sports
"Inside the recruitment of the No. 1 OT: A mother's story of pressure, passion",CBS Sports
How coaching styles separate Hurley brothers with Bobby's ASU tenure over,CBS Sports
"Best 2026 NCAA Tournament bracket picks, teams to watch, upset alerts",CBS Sports
"March Madness 2026 bracket picks, NCAA Tournament predictions",CBS Sports
Optimal 2026 March Madness bracket picks revealed,CBS Sports
"DraftKings promo code: Claim $200 bonus for Sunday NBA, CBB betting",CBS Sports
2026 Pennzoil 400 longshot picks: Back Kyle Busch in Las Vegas,CBS Sports
Kalshi promo code CBSSPORTS: Get $10 cash bonus for Sunday's games,CBS Sports
Fantasy Baseball Draft Prep RP Tiers 3.0,CBS Sports
Fantasy Baseball Draft Prep SP Tiers 3.0,CBS Sports
Best and worst picks in every round,CBS Sports
Full tracker of every 2026 NFL free agency signing and trade,CBS Sports
Updating 2025 NFL free agent tracker: Top 100 available,CBS Sports
Dallas Goedert to re-sign with Eagles amid A.J. Brown trade watch,CBS Sports
Projecting college football's 10 scariest environments in 2026,CBS Sports
"Why La. Tech is on both Sun Belt, Conference USA schedules",CBS Sports
This Week in Offseason: 'Super League' emergence seems inevitable,CBS Sports
2026 Players Championship prize money breakdown from $25 million purse,CBS Sports
"2026 Players Championship TV schedule, streaming coverage",CBS Sports
"Round 4 tee times, pairings set for 2026 Players Championship",CBS Sports
What to know about the Champions League round of 16,CBS Sports
"Finalissima between Spain, Argentina canceled due to Iran war",CBS Sports
Noahkai Banks' USMNT future up in the air amid Germany interest,CBS Sports
Lakers benefitted from incorrect foul call in comeback over Nuggets,CBS Sports
"Timberwolves vs. Thunder odds, NBA picks from 10,000 simulations",CBS Sports
Why Luka Dončić's game-winner vs. Nuggets is so important for Lakers,CBS Sports
Inside the 2026 NCAA Tournament's best and worst draws,CBS Sports
What the NCAA Tournament selection committee missed and what it nailed,CBS Sports
"2026 NCAA Tournament TV schedule, tip times, announcers for each game",CBS Sports
"Print your women's NCAA Tournament bracket, get March Madness started",CBS Sports
"Women's March Madness: Bracket, schedule as field gets revealed",CBS Sports
"Women's Selection Sunday 101: Biggest questions, where to watch",CBS Sports
Expert picks for Team USA vs. Dominican Republic WBC clash,CBS Sports
"Team USA vs. Dominican Republic: Odds, prediction, what to know",CBS Sports
2026 World Baseball Classic bracket: Team USA vs. D.R. in semis,CBS Sports
Finalissima cancelled as Argentina FA announce UEFA rejected San Siro proposal,Football Italia
Bologna face scare ahead of Roma clash as Skorupski and Moro injured in win at Sassuolo,Football Italia
Official: Ashley Cole appointed as new Cesena coach,Football Italia
De Zerbi one of the leading names for Tottenham as Italian coach keeps waiting,Football Italia
Referee chiefs give verdict on incidents that infuriated Inter,Football Italia
Video: Italy talent Reggiani makes Bundesliga history with 1st B. Dortmund goal at 18,Football Italia
Juventus star Thuram felt ‘attacked’ when Vinicius Jr. was racially abused,Football Italia
Inter handed Mkhitaryan injury blow for Fiorentina game,Football Italia
Inter fear Bastoni chaos sparked controversial referee decisions,Football Italia
Picture: Calafiori reacts to big Arsenal win and clearance with three-word message,Football Italia
"Lazio fans ‘are the extra man, it’s undeniable’ after boycott suspended",Football Italia
Sarri: ‘Lazio fans made it a memorable night regardless’ of 1-0 victory over Milan,Football Italia
"Allegri: ‘Milan must be realistic, Leao was irritated by situations’",Football Italia
Serie A | Lazio 1-0 Milan – Gila & Isaksen help scupper Rossoneri Scudetto comeback dream,Football Italia
Serie A | Lazio 1-0 Milan: Isaksen breaks Rossoneri ambition,Football Italia
Milan forward Rafael Leao throws tantrum after being substituted against Lazio,Football Italia
Roma coach Gasperini snaps back at Fabregas: ‘Como are strong but I don’t respect their behaviour’,Football Italia
"Como 2-1 Roma – Fabregas calls out Gasperini for ‘disrespect’, delighted with ‘epic’ performance",Football Italia
Como 2-1 Roma – Gasperini fury at Wesley dismissal: ‘It’s pointless to comment on dives’,Football Italia
Serie A Liveblog including Como vs. Roma and Lazio vs. Milan,Football Italia
Sports Illustrated FC,90min
Sports Illustrated FÃºtbol,90min
